,ID,date
0,1,19970101
1,1,19970118
2,1,19970802
3,2,19970101
4,2,19970113
5,3,19970101
6,4,19970101
7,5,19970101
8,6,19970101
9,6,19970111
10,6,19970315
11,6,19970416
12,6,19970424
13,6,19970623
14,6,19970722
15,6,19970726
16,7,19970101
17,7,19970205
18,8,19970101
19,9,19970101
20,9,19970501
21,9,19970908
22,10,19970101
23,11,19970101
24,11,19970127
25,11,19970201
26,11,19970302
27,11,19970504
28,11,19970621
29,12,19970101
30,13,19970101
31,14,19970101
32,15,19970101
33,16,19970101
34,17,19970101
35,17,19970206
36,17,19970211
37,17,19970212
38,17,19970228
39,17,19970311
40,17,19970527
41,17,19970531
42,17,19970708
43,17,19970807
44,17,19970828
45,18,19970101
46,18,19970204
47,19,19970102
48,19,19970223
49,19,19970420
50,19,19970719
51,20,19970102
52,21,19970102
53,21,19970302
54,21,19970414
55,22,19970102
56,23,19970102
57,24,19970102
58,25,19970102
59,26,19970102
60,26,19970113
61,27,19970102
62,28,19970102
63,28,19970727
64,29,19970102
65,30,19970102
66,30,19970212
67,31,19970102
68,32,19970102
69,33,19970102
70,34,19970102
71,35,19970102
72,35,19970711
73,36,19970102
74,37,19970102
75,38,19970102
76,38,19970117
77,39,19970102
78,40,19970102
79,41,19970103
80,42,19970103
81,43,19970103
82,44,19970103
83,45,19970103
84,45,19970623
85,46,19970103
86,46,19970114
87,46,19970121
88,46,19970127
89,46,19970204
90,46,19970411
91,46,19970627
92,46,19970710
93,46,19970714
94,46,19970729
95,46,19970731
96,46,19970828
97,46,19970901
98,47,19970103
99,48,19970103
100,49,19970103
101,49,19970114
102,50,19970103
103,51,19970103
104,52,19970103
105,53,19970103
106,54,19970103
107,55,19970103
108,56,19970103
109,56,19970706
110,56,19970823
111,57,19970103
112,57,19970202
113,58,19970104
114,59,19970104
115,59,19970930
116,60,19970104
117,61,19970104
118,61,19970120
119,61,19970224
120,61,19970303
121,61,19970729
122,62,19970104
123,63,19970104
124,63,19970427
125,64,19970104
126,65,19970104
127,66,19970104
128,67,19970104
129,67,19970126
130,67,19970601
131,68,19970104
132,69,19970104
133,70,19970104
134,70,19970111
135,70,19970602
136,70,19970728
137,71,19970104
138,72,19970104
139,73,19970104
140,73,19970214
141,74,19970104
142,75,19970104
143,75,19970209
144,76,19970104
145,77,19970104
146,78,19970105
147,79,19970105
148,79,19970307
149,79,19970322
150,79,19970503
151,80,19970105
152,81,19970105
153,82,19970105
154,82,19970226
155,83,19970105
156,84,19970105
157,85,19970105
158,86,19970105
159,86,19970203
160,86,19970205
161,86,19970225
162,86,19970227
163,86,19970318
164,86,19970624
165,86,19970709
166,87,19970105
167,88,19970105
168,88,19970214
169,88,19970305
170,88,19970326
171,88,19970413
172,88,19970724
173,88,19970804
174,88,19970824
175,88,19970903
176,88,19970909
177,88,19970910
178,89,19970105
179,90,19970105
180,91,19970105
181,91,19970826
182,92,19970105
183,92,19970111
184,92,19970114
185,92,19970122
186,92,19970210
187,92,19970518
188,92,19970924
189,93,19970105
190,94,19970105
191,95,19970105
192,96,19970105
193,97,19970105
194,98,19970105
195,98,19970622
196,98,19970816
197,99,19970105
198,99,19970115
199,99,19970824
200,99,19970911
201,99,19970925
202,100,19970105
203,100,19970621
204,101,19970106
205,101,19970213
206,101,19970505
207,101,19970526
208,101,19970813
209,101,19970916
210,102,19970106
211,103,19970106
212,104,19970106
213,105,19970106
214,105,19970624
215,106,19970106
216,106,19970218
217,107,19970106
218,108,19970106
219,109,19970106
220,109,19970108
221,110,19970106
222,111,19970106
223,111,19970108
224,112,19970106
225,113,19970106
226,114,19970106
227,114,19970624
228,115,19970106
229,116,19970106
230,116,19970212
231,117,19970106
232,118,19970106
233,119,19970106
234,120,19970106
235,121,19970106
236,121,19970127
237,122,19970106
238,123,19970106
239,124,19970106
240,125,19970106
241,125,19970225
242,126,19970107
243,127,19970107
244,128,19970107
245,129,19970107
246,129,19970109
247,129,19970124
248,129,19970213
249,129,19970301
250,130,19970107
251,130,19970315
252,130,19970619
253,130,19970708
254,131,19970107
255,132,19970107
256,132,19970624
257,133,19970107
258,133,19970409
259,133,19970725
260,134,19970107
261,135,19970107
262,135,19970620
263,136,19970107
264,136,19970205
265,136,19970228
266,137,19970107
267,138,19970107
268,138,19970223
269,138,19970505
270,139,19970107
271,139,19970122
272,140,19970107
273,140,19970427
274,141,19970107
275,142,19970107
276,142,19970108
277,142,19970109
278,142,19970206
279,142,19970207
280,142,19970224
281,143,19970107
282,143,19970124
283,143,19970726
284,144,19970107
285,144,19970121
286,144,19970221
287,144,19970228
288,144,19970513
289,144,19970729
290,144,19970814
291,144,19970903
292,145,19970107
293,145,19970122
294,145,19970914
295,146,19970107
296,147,19970107
297,147,19970207
298,147,19970515
299,147,19970705
300,147,19970731
301,148,19970107
302,148,19970117
303,148,19970127
304,148,19970305
305,148,19970319
306,148,19970324
307,148,19970410
308,148,19970805
309,148,19970819
310,148,19970825
311,148,19970826
312,148,19970911
313,148,19970917
314,148,19970929
315,149,19970107
316,150,19970107
317,150,19970122
318,150,19970203
319,150,19970731
320,150,19970826
321,151,19970107
322,151,19970223
323,151,19970714
324,151,19970908
325,151,19970911
326,152,19970107
327,153,19970107
328,154,19970107
329,154,19970127
330,155,19970107
331,156,19970107
332,156,19970221
333,157,19970107
334,157,19970110
335,157,19970114
336,157,19970119
337,157,19970122
338,157,19970129
339,157,19970203
340,157,19970215
341,157,19970314
342,157,19970320
343,157,19970402
344,157,19970404
345,157,19970408
346,157,19970418
347,157,19970420
348,157,19970504
349,157,19970508
350,157,19970515
351,157,19970602
352,157,19970627
353,157,19970706
354,157,19970722
355,157,19970731
356,157,19970803
357,157,19970820
358,157,19970906
359,157,19970911
360,157,19970916
361,157,19970927
362,157,19970928
363,158,19970108
364,159,19970108
365,159,19970109
366,159,19970128
367,159,19970630
368,160,19970108
369,161,19970108
370,162,19970108
371,162,19970122
372,163,19970108
373,164,19970108
374,164,19970125
375,164,19970325
376,164,19970414
377,164,19970624
378,164,19970714
379,164,19970715
380,164,19970722
381,164,19970825
382,164,19970904
383,164,19970924
384,165,19970108
385,166,19970108
386,167,19970108
387,167,19970205
388,167,19970310
389,167,19970315
390,167,19970416
391,167,19970514
392,167,19970515
393,167,19970516
394,167,19970519
395,167,19970520
396,167,19970606
397,167,19970624
398,167,19970723
399,167,19970724
400,168,19970108
401,169,19970108
402,170,19970108
403,170,19970927
404,171,19970108
405,172,19970108
406,173,19970108
407,174,19970108
408,175,19970108
409,176,19970109
410,177,19970109
411,178,19970109
412,178,19970117
413,178,19970328
414,178,19970519
415,178,19970629
416,178,19970810
417,178,19970827
418,179,19970109
419,179,19970203
420,179,19970209
421,179,19970302
422,179,19970324
423,179,19970416
424,179,19970621
425,179,19970713
426,179,19970919
427,180,19970109
428,181,19970109
429,182,19970109
430,183,19970109
431,183,19970213
432,184,19970109
433,185,19970109
434,185,19970111
435,185,19970118
436,185,19970223
437,185,19970919
438,186,19970109
439,187,19970109
440,187,19970207
441,187,19970305
442,188,19970109
443,188,19970320
444,188,19970401
445,188,19970606
446,189,19970109
447,189,19970205
448,189,19970217
449,189,19970220
450,190,19970109
451,191,19970109
452,192,19970109
453,193,19970109
454,194,19970109
455,195,19970109
456,195,19970210
457,195,19970509
458,195,19970527
459,195,19970611
460,195,19970616
461,195,19970717
462,196,19970109
463,197,19970109
464,197,19970120
465,198,19970109
466,199,19970109
467,200,19970110
468,200,19970201
469,200,19970420
470,201,19970110
471,202,19970110
472,202,19970204
473,202,19970228
474,203,19970110
475,203,19970701
476,203,19970815
477,204,19970110
478,205,19970110
479,206,19970110
480,206,19970516
481,207,19970110
482,208,19970110
483,208,19970112
484,209,19970110
485,210,19970110
486,211,19970110
487,211,19970211
488,211,19970223
489,211,19970314
490,211,19970322
491,211,19970411
492,211,19970502
493,211,19970515
494,212,19970110
495,213,19970110
496,214,19970110
497,215,19970110
498,215,19970727
499,215,19970801
500,216,19970110
501,217,19970110
502,217,19970128
503,217,19970226
504,217,19970614
505,217,19970629
506,218,19970111
507,219,19970111
508,219,19970425
509,220,19970111
510,220,19970722
511,221,19970111
512,222,19970111
513,223,19970111
514,224,19970111
515,225,19970111
516,226,19970111
517,226,19970208
518,226,19970401
519,227,19970111
520,228,19970111
521,228,19970125
522,229,19970111
523,229,19970124
524,230,19970111
525,230,19970827
526,230,19970830
527,231,19970111
528,232,19970111
529,232,19970601
530,232,19970618
531,232,19970924
532,233,19970111
533,234,19970111
534,235,19970111
535,236,19970111
536,237,19970111
537,238,19970111
538,239,19970111
539,240,19970111
540,241,19970111
541,242,19970111
542,242,19970301
543,242,19970313
544,242,19970711
545,242,19970819
546,243,19970112
547,243,19970311
548,244,19970112
549,244,19970120
550,244,19970203
551,244,19970209
552,244,19970214
553,244,19970217
554,245,19970112
555,246,19970112
556,247,19970112
557,247,19970208
558,247,19970629
559,248,19970112
560,249,19970112
561,249,19970125
562,250,19970112
563,250,19970519
564,250,19970604
565,251,19970112
566,252,19970112
567,253,19970112
568,253,19970824
569,254,19970112
570,255,19970112
571,255,19970115
572,256,19970112
573,257,19970112
574,257,19970317
575,257,19970323
576,257,19970404
577,257,19970423
578,257,19970505
579,258,19970112
580,259,19970112
581,260,19970112
582,260,19970222
583,261,19970112
584,261,19970602
585,261,19970731
586,262,19970112
587,263,19970112
588,263,19970927
589,264,19970112
590,265,19970112
591,266,19970112
592,266,19970113
593,267,19970112
594,267,19970901
595,267,19970918
596,268,19970112
597,268,19970221
598,269,19970113
599,270,19970113
600,270,19970127
601,271,19970113
602,272,19970113
603,272,19970209
604,273,19970113
605,274,19970113
606,274,19970330
607,274,19970612
608,274,19970702
609,275,19970113
610,275,19970908
611,276,19970113
612,276,19970118
613,276,19970125
614,276,19970315
615,276,19970321
616,276,19970329
617,276,19970401
618,276,19970518
619,276,19970617
620,276,19970621
621,276,19970716
622,276,19970730
623,276,19970812
624,276,19970816
625,277,19970113
626,278,19970113
627,279,19970113
628,280,19970113
629,281,19970113
630,282,19970113
631,282,19970522
632,282,19970528
633,282,19970529
634,283,19970113
635,283,19970209
636,283,19970820
637,283,19970831
638,284,19970113
639,284,19970203
640,285,19970113
641,286,19970113
642,287,19970113
643,287,19970305
644,287,19970819
645,287,19970822
646,288,19970113
647,289,19970113
648,289,19970117
649,289,19970313
650,289,19970923
651,289,19970924
652,289,19970925
653,290,19970113
654,291,19970113
655,291,19970210
656,291,19970918
657,292,19970113
658,292,19970116
659,293,19970113
660,294,19970113
661,294,19970118
662,295,19970113
663,296,19970113
664,297,19970114
665,297,19970501
666,298,19970114
667,298,19970122
668,299,19970114
669,300,19970114
670,301,19970114
671,302,19970114
672,302,19970222
673,302,19970624
674,302,19970912
675,303,19970114
676,303,19970925
677,304,19970114
678,304,19970519
679,305,19970114
680,306,19970114
681,306,19970207
682,307,19970114
683,308,19970114
684,309,19970114
685,310,19970114
686,310,19970131
687,310,19970202
688,310,19970212
689,310,19970213
690,311,19970114
691,312,19970114
692,312,19970517
693,312,19970913
694,313,19970114
695,314,19970114
696,314,19970115
697,314,19970626
698,314,19970727
699,315,19970114
700,316,19970114
701,317,19970114
702,317,19970602
703,318,19970114
704,319,19970114
705,319,19970510
706,320,19970114
707,321,19970114
708,321,19970421
709,321,19970826
710,322,19970115
711,323,19970115
712,323,19970318
713,324,19970115
714,324,19970116
715,324,19970121
716,324,19970203
717,325,19970115
718,325,19970129
719,325,19970130
720,325,19970210
721,325,19970213
722,325,19970222
723,325,19970301
724,325,19970307
725,325,19970313
726,325,19970316
727,325,19970319
728,325,19970327
729,325,19970328
730,325,19970408
731,325,19970410
732,325,19970411
733,325,19970427
734,325,19970428
735,325,19970429
736,325,19970430
737,325,19970501
738,325,19970519
739,325,19970525
740,325,19970528
741,325,19970620
742,325,19970725
743,326,19970115
744,327,19970115
745,328,19970115
746,329,19970115
747,330,19970115
748,330,19970120
749,330,19970130
750,330,19970208
751,330,19970319
752,330,19970622
753,331,19970115
754,332,19970115
755,332,19970120
756,332,19970424
757,333,19970115
758,334,19970115
759,335,19970115
760,336,19970115
761,336,19970123
762,336,19970205
763,336,19970207
764,336,19970910
765,336,19970924
766,337,19970115
767,338,19970115
768,339,19970115
769,339,19970621
770,340,19970115
771,341,19970115
772,342,19970115
773,343,19970115
774,344,19970116
775,344,19970315
776,344,19970623
777,345,19970116
778,346,19970116
779,347,19970116
780,348,19970116
781,348,19970623
782,349,19970116
783,350,19970116
784,350,19970215
785,350,19970623
786,351,19970116
787,351,19970324
788,352,19970116
789,353,19970116
790,354,19970116
791,355,19970116
792,356,19970116
793,357,19970116
794,357,19970203
795,358,19970116
796,358,19970306
797,358,19970701
798,359,19970116
799,360,19970116
800,361,19970116
801,362,19970116
802,363,19970116
803,363,19970221
804,363,19970331
805,364,19970116
806,364,19970129
807,364,19970311
808,364,19970410
809,364,19970805
810,365,19970116
811,366,19970117
812,367,19970117
813,367,19970409
814,368,19970117
815,368,19970403
816,368,19970426
817,368,19970519
818,369,19970117
819,370,19970117
820,370,19970426
821,371,19970117
822,372,19970117
823,373,19970117
824,374,19970117
825,375,19970117
826,376,19970117
827,376,19970226
828,377,19970117
829,377,19970331
830,378,19970117
831,378,19970620
832,379,19970117
833,380,19970117
834,381,19970117
835,382,19970117
836,382,19970123
837,382,19970325
838,382,19970501
839,382,19970523
840,382,19970701
841,382,19970712
842,382,19970726
843,382,19970816
844,382,19970901
845,382,19970910
846,382,19970929
847,383,19970117
848,384,19970117
849,385,19970117
850,385,19970127
851,385,19970201
852,385,19970419
853,385,19970823
854,386,19970117
855,387,19970117
856,388,19970118
857,388,19970505
858,389,19970118
859,389,19970224
860,389,19970330
861,390,19970118
862,391,19970118
863,392,19970118
864,393,19970118
865,394,19970118
866,394,19970718
867,395,19970118
868,395,19970218
869,396,19970118
870,397,19970118
871,397,19970221
872,397,19970419
873,397,19970616
874,398,19970118
875,398,19970315
876,399,19970118
877,400,19970118
878,401,19970118
879,401,19970605
880,401,19970620
881,402,19970118
882,403,19970118
883,403,19970513
884,403,19970525
885,403,19970626
886,403,19970714
887,403,19970715
888,403,19970728
889,403,19970820
890,403,19970824
891,404,19970118
892,404,19970302
893,405,19970118
894,406,19970118
895,406,19970206
896,406,19970509
897,407,19970118
898,407,19970829
899,408,19970118
900,409,19970118
901,410,19970118
902,410,19970619
903,411,19970118
904,412,19970118
905,412,19970122
906,412,19970211
907,413,19970118
908,414,19970118
909,415,19970119
910,415,19970121
911,415,19970308
912,415,19970614
913,416,19970119
914,417,19970119
915,418,19970119
916,419,19970119
917,420,19970119
918,421,19970119
919,422,19970119
920,422,19970226
921,422,19970416
922,423,19970119
923,423,19970218
924,423,19970606
925,424,19970119
926,425,19970119
927,426,19970119
928,427,19970119
929,427,19970219
930,428,19970119
931,428,19970621
932,428,19970817
933,429,19970119
934,430,19970119
935,431,19970119
936,432,19970119
937,433,19970119
938,434,19970119
939,434,19970319
940,435,19970119
941,436,19970119
942,437,19970119
943,438,19970119
944,439,19970119
945,439,19970526
946,440,19970119
947,440,19970307
948,440,19970721
949,441,19970119
950,441,19970216
951,441,19970715
952,441,19970717
953,441,19970725
954,442,19970119
955,443,19970119
956,444,19970120
957,444,19970127
958,444,19970211
959,445,19970120
960,446,19970120
961,446,19970314
962,446,19970422
963,446,19970526
964,446,19970616
965,446,19970723
966,446,19970729
967,447,19970120
968,448,19970120
969,448,19970204
970,449,19970120
971,450,19970120
972,450,19970316
973,451,19970120
974,451,19970323
975,452,19970120
976,452,19970519
977,453,19970120
978,453,19970122
979,453,19970407
980,454,19970120
981,454,19970729
982,455,19970120
983,456,19970120
984,456,19970206
985,456,19970328
986,456,19970428
987,456,19970505
988,456,19970718
989,456,19970804
990,456,19970806
991,457,19970120
992,457,19970209
993,457,19970217
994,457,19970424
995,457,19970506
996,458,19970120
997,459,19970120
998,460,19970120
999,461,19970120
1000,461,19970319
1001,461,19970321
1002,461,19970408
1003,461,19970429
1004,461,19970430
1005,461,19970613
1006,461,19970717
1007,462,19970120
1008,463,19970120
1009,463,19970321
1010,464,19970120
1011,464,19970519
1012,465,19970120
1013,466,19970120
1014,466,19970427
1015,466,19970630
1016,467,19970120
1017,467,19970829
1018,468,19970120
1019,469,19970120
1020,469,19970130
1021,469,19970714
1022,469,19970724
1023,469,19970821
1024,470,19970120
1025,471,19970120
1026,471,19970206
1027,472,19970120
1028,473,19970120
1029,474,19970120
1030,474,19970608
1031,474,19970913
1032,475,19970120
1033,476,19970120
1034,477,19970120
1035,477,19970122
1036,477,19970913
1037,477,19970927
1038,477,19970929
1039,478,19970120
1040,479,19970121
1041,480,19970121
1042,480,19970417
1043,480,19970619
1044,481,19970121
1045,481,19970621
1046,482,19970121
1047,483,19970121
1048,483,19970322
1049,484,19970121
1050,485,19970121
1051,485,19970124
1052,485,19970128
1053,485,19970205
1054,485,19970224
1055,485,19970318
1056,485,19970324
1057,485,19970428
1058,485,19970521
1059,485,19970527
1060,485,19970623
1061,485,19970910
1062,486,19970121
1063,487,19970121
1064,487,19970207
1065,487,19970225
1066,487,19970302
1067,487,19970325
1068,488,19970121
1069,489,19970121
1070,490,19970121
1071,491,19970121
1072,491,19970131
1073,491,19970208
1074,491,19970324
1075,491,19970523
1076,492,19970121
1077,493,19970121
1078,493,19970220
1079,493,19970618
1080,493,19970822
1081,494,19970121
1082,495,19970121
1083,495,19970930
1084,496,19970121
1085,496,19970205
1086,497,19970121
1087,498,19970121
1088,499,19970121
1089,499,19970313
1090,499,19970424
1091,499,19970622
1092,499,19970624
1093,499,19970705
1094,499,19970726
1095,500,19970121
1096,500,19970208
1097,500,19970220
1098,500,19970301
1099,501,19970121
1100,502,19970121
1101,503,19970121
1102,504,19970122
1103,505,19970122
1104,505,19970430
1105,505,19970502
1106,506,19970122
1107,507,19970122
1108,507,19970125
1109,507,19970827
1110,508,19970122
1111,509,19970122
1112,509,19970124
1113,509,19970210
1114,509,19970214
1115,509,19970224
1116,509,19970308
1117,509,19970326
1118,509,19970407
1119,509,19970417
1120,509,19970425
1121,509,19970505
1122,509,19970512
1123,509,19970611
1124,509,19970620
1125,509,19970627
1126,509,19970818
1127,509,19970904
1128,509,19970918
1129,509,19970925
1130,510,19970122
1131,511,19970122
1132,511,19970228
1133,512,19970122
1134,513,19970122
1135,513,19970318
1136,514,19970122
1137,515,19970122
1138,516,19970122
1139,517,19970122
1140,517,19970220
1141,517,19970310
1142,517,19970323
1143,517,19970518
1144,517,19970817
1145,518,19970122
1146,519,19970122
1147,519,19970930
1148,520,19970122
1149,521,19970122
1150,521,19970604
1151,521,19970623
1152,521,19970730
1153,521,19970818
1154,521,19970920
1155,521,19970923
1156,522,19970122
1157,523,19970122
1158,523,19970322
1159,523,19970410
1160,524,19970122
1161,525,19970122
1162,526,19970122
1163,526,19970528
1164,526,19970630
1165,527,19970122
1166,528,19970122
1167,528,19970819
1168,529,19970123
1169,529,19970618
1170,530,19970123
1171,531,19970123
1172,532,19970123
1173,532,19970423
1174,533,19970123
1175,534,19970123
1176,534,19970224
1177,535,19970123
1178,535,19970521
1179,535,19970817
1180,536,19970123
1181,537,19970123
1182,538,19970123
1183,539,19970123
1184,539,19970124
1185,540,19970123
1186,541,19970123
1187,541,19970310
1188,541,19970902
1189,542,19970123
1190,543,19970123
1191,543,19970221
1192,543,19970629
1193,544,19970123
1194,545,19970123
1195,546,19970123
1196,547,19970123
1197,548,19970123
1198,548,19970626
1199,549,19970123
1200,549,19970128
1201,549,19970303
1202,549,19970415
1203,549,19970426
1204,549,19970516
1205,549,19970611
1206,549,19970623
1207,549,19970822
1208,549,19970827
1209,549,19970915
1210,550,19970123
1211,551,19970123
1212,551,19970311
1213,552,19970123
1214,552,19970125
1215,552,19970206
1216,552,19970216
1217,553,19970123
1218,553,19970508
1219,553,19970602
1220,553,19970708
1221,554,19970123
1222,555,19970123
1223,555,19970504
1224,555,19970907
1225,556,19970123
1226,557,19970123
1227,558,19970124
1228,558,19970204
1229,558,19970211
1230,558,19970220
1231,558,19970228
1232,558,19970305
1233,558,19970320
1234,558,19970325
1235,558,19970410
1236,558,19970430
1237,558,19970503
1238,558,19970520
1239,558,19970710
1240,559,19970124
1241,560,19970124
1242,560,19970318
1243,561,19970124
1244,561,19970304
1245,561,19970815
1246,562,19970124
1247,562,19970214
1248,562,19970922
1249,563,19970124
1250,564,19970124
1251,565,19970124
1252,566,19970124
1253,567,19970124
1254,567,19970207
1255,567,19970302
1256,567,19970524
1257,567,19970625
1258,567,19970915
1259,568,19970124
1260,569,19970124
1261,570,19970124
1262,570,19970707
1263,570,19970717
1264,571,19970124
1265,572,19970124
1266,572,19970202
1267,572,19970212
1268,572,19970216
1269,572,19970220
1270,572,19970326
1271,573,19970124
1272,574,19970124
1273,574,19970730
1274,575,19970124
1275,575,19970303
1276,576,19970124
1277,577,19970124
1278,577,19970316
1279,578,19970124
1280,579,19970124
1281,580,19970124
1282,581,19970124
1283,582,19970124
1284,583,19970124
1285,584,19970125
1286,584,19970930
1287,585,19970125
1288,585,19970613
1289,585,19970625
1290,586,19970125
1291,587,19970125
1292,588,19970125
1293,589,19970125
1294,590,19970125
1295,591,19970125
1296,592,19970125
1297,592,19970816
1298,593,19970125
1299,593,19970126
1300,593,19970227
1301,593,19970308
1302,593,19970331
1303,593,19970418
1304,593,19970426
1305,593,19970525
1306,594,19970125
1307,595,19970125
1308,596,19970125
1309,596,19970322
1310,596,19970911
1311,597,19970125
1312,598,19970125
1313,599,19970125
1314,599,19970623
1315,599,19970725
1316,600,19970125
1317,601,19970125
1318,601,19970314
1319,601,19970324
1320,601,19970422
1321,601,19970624
1322,602,19970125
1323,603,19970125
1324,604,19970125
1325,604,19970302
1326,604,19970817
1327,604,19970823
1328,605,19970125
1329,606,19970125
1330,606,19970901
1331,607,19970125
1332,608,19970125
1333,608,19970422
1334,608,19970430
1335,609,19970125
1336,609,19970126
1337,609,19970628
1338,610,19970125
1339,611,19970126
1340,611,19970408
1341,612,19970126
1342,612,19970621
1343,613,19970126
1344,613,19970701
1345,613,19970918
1346,614,19970126
1347,615,19970126
1348,616,19970126
1349,617,19970126
1350,618,19970126
1351,618,19970202
1352,618,19970222
1353,619,19970126
1354,620,19970126
1355,621,19970126
1356,621,19970322
1357,622,19970126
1358,623,19970126
1359,623,19970712
1360,624,19970126
1361,625,19970126
1362,625,19970314
1363,625,19970410
1364,625,19970414
1365,626,19970126
1366,627,19970126
1367,628,19970126
1368,629,19970126
1369,630,19970126
1370,630,19970923
1371,631,19970126
1372,632,19970126
1373,633,19970126
1374,633,19970214
1375,634,19970126
1376,635,19970126
1377,636,19970126
1378,637,19970127
1379,638,19970127
1380,639,19970127
1381,640,19970127
1382,641,19970127
1383,641,19970216
1384,641,19970705
1385,641,19970802
1386,642,19970127
1387,643,19970127
1388,643,19970213
1389,643,19970228
1390,643,19970627
1391,643,19970814
1392,644,19970127
1393,645,19970127
1394,646,19970127
1395,647,19970127
1396,648,19970127
1397,648,19970207
1398,648,19970418
1399,649,19970127
1400,649,19970328
1401,650,19970127
1402,650,19970313
1403,651,19970127
1404,652,19970127
1405,653,19970127
1406,654,19970127
1407,655,19970127
1408,655,19970130
1409,655,19970226
1410,655,19970727
1411,655,19970807
1412,655,19970902
1413,656,19970127
1414,656,19970309
1415,657,19970127
1416,658,19970127
1417,659,19970127
1418,659,19970318
1419,660,19970127
1420,660,19970320
1421,660,19970326
1422,661,19970127
1423,661,19970920
1424,662,19970127
1425,663,19970127
1426,664,19970127
1427,665,19970127
1428,666,19970128
1429,666,19970623
1430,667,19970128
1431,668,19970128
1432,668,19970218
1433,668,19970224
1434,668,19970225
1435,668,19970403
1436,668,19970418
1437,668,19970422
1438,668,19970511
1439,668,19970920
1440,669,19970128
1441,669,19970228
1442,670,19970128
1443,671,19970128
1444,671,19970208
1445,671,19970424
1446,671,19970701
1447,671,19970708
1448,671,19970725
1449,671,19970821
1450,672,19970128
1451,672,19970326
1452,673,19970128
1453,673,19970204
1454,673,19970224
1455,674,19970128
1456,675,19970128
1457,675,19970207
1458,675,19970620
1459,675,19970724
1460,676,19970128
1461,676,19970215
1462,676,19970312
1463,676,19970408
1464,676,19970505
1465,676,19970611
1466,676,19970708
1467,677,19970128
1468,678,19970128
1469,678,19970620
1470,679,19970128
1471,680,19970128
1472,680,19970312
1473,680,19970522
1474,681,19970128
1475,681,19970207
1476,681,19970210
1477,681,19970409
1478,681,19970526
1479,681,19970723
1480,682,19970128
1481,683,19970128
1482,683,19970812
1483,684,19970128
1484,685,19970128
1485,686,19970128
1486,687,19970128
1487,688,19970128
1488,689,19970128
1489,690,19970128
1490,690,19970609
1491,691,19970128
1492,691,19970311
1493,692,19970128
1494,693,19970128
1495,693,19970211
1496,693,19970215
1497,693,19970316
1498,693,19970318
1499,693,19970323
1500,693,19970328
1501,693,19970413
1502,693,19970420
1503,693,19970504
1504,693,19970513
1505,693,19970615
1506,693,19970909
1507,693,19970926
1508,694,19970128
1509,695,19970128
1510,696,19970128
1511,696,19970222
1512,697,19970129
1513,697,19970310
1514,697,19970406
1515,697,19970729
1516,698,19970129
1517,699,19970129
1518,699,19970130
1519,699,19970205
1520,699,19970220
1521,699,19970506
1522,699,19970510
1523,700,19970129
1524,701,19970129
1525,701,19970515
1526,701,19970531
1527,702,19970129
1528,702,19970708
1529,703,19970129
1530,704,19970129
1531,705,19970129
1532,705,19970417
1533,706,19970129
1534,707,19970129
1535,707,19970226
1536,708,19970129
1537,708,19970202
1538,709,19970129
1539,710,19970129
1540,711,19970129
1541,712,19970129
1542,712,19970209
1543,712,19970530
1544,712,19970705
1545,712,19970831
1546,713,19970129
1547,713,19970211
1548,713,19970214
1549,713,19970223
1550,713,19970324
1551,713,19970815
1552,713,19970921
1553,714,19970129
1554,714,19970210
1555,715,19970129
1556,715,19970220
1557,715,19970407
1558,716,19970129
1559,717,19970129
1560,718,19970129
1561,718,19970310
1562,718,19970423
1563,719,19970129
1564,720,19970129
1565,720,19970130
1566,720,19970201
1567,720,19970223
1568,720,19970416
1569,720,19970505
1570,720,19970523
1571,720,19970930
1572,721,19970129
1573,722,19970129
1574,723,19970129
1575,724,19970129
1576,725,19970129
1577,726,19970129
1578,726,19970508
1579,726,19970606
1580,726,19970620
1581,727,19970129
1582,728,19970129
1583,728,19970206
1584,728,19970217
1585,728,19970311
1586,728,19970414
1587,728,19970528
1588,729,19970129
1589,730,19970130
1590,730,19970407
1591,730,19970414
1592,731,19970130
1593,731,19970303
1594,732,19970130
1595,732,19970316
1596,732,19970829
1597,732,19970923
1598,733,19970130
1599,734,19970130
1600,735,19970130
1601,736,19970130
1602,737,19970130
1603,738,19970130
1604,739,19970130
1605,739,19970503
1606,740,19970130
1607,741,19970130
1608,741,19970723
1609,742,19970130
1610,743,19970130
1611,744,19970130
1612,745,19970130
1613,745,19970421
1614,745,19970511
1615,746,19970130
1616,747,19970130
1617,747,19970428
1618,748,19970130
1619,749,19970130
1620,750,19970130
1621,750,19970321
1622,751,19970130
1623,751,19970211
1624,751,19970303
1625,751,19970324
1626,751,19970331
1627,751,19970405
1628,751,19970520
1629,751,19970720
1630,751,19970725
1631,751,19970819
1632,751,19970823
1633,752,19970130
1634,753,19970130
1635,754,19970130
1636,755,19970130
1637,756,19970130
1638,756,19970204
1639,756,19970329
1640,756,19970525
1641,757,19970130
1642,757,19970525
1643,757,19970526
1644,757,19970530
1645,758,19970130
1646,759,19970130
1647,760,19970131
1648,760,19970227
1649,760,19970405
1650,761,19970131
1651,761,19970216
1652,761,19970305
1653,761,19970428
1654,761,19970704
1655,761,19970930
1656,762,19970131
1657,762,19970227
1658,762,19970315
1659,762,19970329
1660,762,19970712
1661,763,19970131
1662,764,19970131
1663,765,19970131
1664,766,19970131
1665,767,19970131
1666,768,19970131
1667,769,19970131
1668,770,19970131
1669,770,19970226
1670,771,19970131
1671,772,19970131
1672,773,19970131
1673,774,19970131
1674,775,19970131
1675,775,19970523
1676,776,19970131
1677,776,19970202
1678,777,19970131
1679,777,19970219
1680,777,19970225
1681,777,19970406
1682,778,19970131
1683,778,19970402
1684,779,19970131
1685,780,19970131
1686,781,19970131
1687,782,19970201
1688,783,19970201
1689,783,19970208
1690,783,19970314
1691,783,19970404
1692,783,19970507
1693,783,19970904
1694,783,19970919
1695,784,19970201
1696,784,19970211
1697,784,19970730
1698,785,19970201
1699,786,19970201
1700,787,19970201
1701,788,19970201
1702,789,19970201
1703,790,19970201
1704,791,19970201
1705,792,19970201
1706,793,19970201
1707,793,19970216
1708,794,19970201
1709,794,19970208
1710,794,19970304
1711,794,19970321
1712,794,19970520
1713,794,19970606
1714,794,19970905
1715,795,19970201
1716,796,19970201
1717,796,19970314
1718,797,19970201
1719,798,19970201
1720,798,19970315
1721,798,19970330
1722,799,19970201
1723,800,19970201
1724,801,19970201
1725,801,19970309
1726,801,19970509
1727,801,19970530
1728,801,19970707
1729,801,19970718
1730,801,19970904
1731,801,19970925
1732,802,19970201
1733,803,19970201
1734,804,19970201
1735,805,19970201
1736,805,19970424
1737,805,19970626
1738,806,19970201
1739,807,19970201
1740,808,19970201
1741,809,19970201
1742,810,19970201
1743,810,19970313
1744,810,19970501
1745,811,19970202
1746,812,19970202
1747,812,19970325
1748,813,19970202
1749,813,19970205
1750,813,19970312
1751,813,19970404
1752,813,19970410
1753,813,19970426
1754,813,19970508
1755,813,19970509
1756,813,19970606
1757,813,19970630
1758,813,19970710
1759,813,19970716
1760,813,19970728
1761,813,19970927
1762,814,19970202
1763,814,19970208
1764,814,19970213
1765,814,19970214
1766,814,19970227
1767,814,19970302
1768,814,19970306
1769,814,19970313
1770,815,19970202
1771,816,19970202
1772,817,19970202
1773,817,19970225
1774,817,19970319
1775,817,19970914
1776,818,19970202
1777,819,19970202
1778,819,19970707
1779,820,19970202
1780,821,19970202
1781,821,19970307
1782,822,19970202
1783,822,19970620
1784,823,19970202
1785,823,19970204
1786,823,19970208
1787,824,19970202
1788,825,19970202
1789,826,19970202
1790,827,19970202
1791,827,19970401
1792,828,19970202
1793,829,19970202
1794,830,19970202
1795,830,19970630
1796,831,19970202
1797,831,19970719
1798,832,19970202
1799,833,19970202
1800,834,19970202
1801,835,19970202
1802,836,19970202
1803,836,19970627
1804,836,19970907
1805,837,19970202
1806,837,19970206
1807,838,19970202
1808,839,19970202
1809,840,19970202
1810,840,19970808
1811,841,19970203
1812,841,19970207
1813,841,19970210
1814,841,19970213
1815,841,19970219
1816,841,19970224
1817,841,19970226
1818,841,19970303
1819,841,19970317
1820,841,19970321
1821,841,19970324
1822,841,19970328
1823,841,19970411
1824,841,19970415
1825,841,19970422
1826,841,19970424
1827,841,19970623
1828,841,19970724
1829,841,19970725
1830,841,19970929
1831,842,19970203
1832,842,19970329
1833,842,19970630
1834,843,19970203
1835,843,19970809
1836,843,19970818
1837,844,19970203
1838,845,19970203
1839,845,19970216
1840,845,19970630
1841,846,19970203
1842,846,19970211
1843,846,19970512
1844,847,19970203
1845,848,19970203
1846,849,19970203
1847,850,19970203
1848,850,19970321
1849,851,19970203
1850,852,19970203
1851,853,19970203
1852,854,19970203
1853,854,19970206
1854,855,19970203
1855,856,19970203
1856,856,19970418
1857,857,19970203
1858,858,19970203
1859,858,19970213
1860,859,19970203
1861,860,19970203
1862,861,19970203
1863,861,19970603
1864,861,19970611
1865,862,19970203
1866,863,19970203
1867,864,19970203
1868,865,19970203
1869,865,19970518
1870,866,19970203
1871,867,19970203
1872,867,19970223
1873,867,19970316
1874,867,19970325
1875,867,19970413
1876,867,19970810
1877,867,19970815
1878,867,19970911
1879,868,19970203
1880,869,19970203
1881,870,19970203
1882,871,19970203
1883,872,19970203
1884,873,19970203
1885,873,19970204
1886,874,19970203
1887,875,19970203
1888,876,19970203
1889,876,19970816
1890,877,19970204
1891,877,19970531
1892,878,19970204
1893,879,19970204
1894,880,19970204
1895,880,19970328
1896,880,19970406
1897,881,19970204
1898,882,19970204
1899,882,19970414
1900,883,19970204
1901,883,19970522
1902,884,19970204
1903,885,19970204
1904,886,19970204
1905,886,19970207
1906,886,19970419
1907,886,19970616
1908,886,19970820
1909,887,19970204
1910,888,19970204
1911,889,19970204
1912,889,19970511
1913,890,19970204
1914,891,19970204
1915,892,19970204
1916,893,19970204
1917,893,19970721
1918,894,19970204
1919,895,19970204
1920,896,19970204
1921,897,19970204
1922,897,19970205
1923,897,19970306
1924,897,19970320
1925,897,19970410
1926,897,19970518
1927,898,19970204
1928,898,19970417
1929,899,19970204
1930,900,19970204
1931,900,19970728
1932,901,19970204
1933,902,19970204
1934,902,19970413
1935,903,19970204
1936,904,19970204
1937,904,19970220
1938,905,19970204
1939,906,19970204
1940,907,19970204
1941,908,19970204
1942,908,19970205
1943,908,19970218
1944,908,19970422
1945,908,19970506
1946,908,19970513
1947,908,19970706
1948,908,19970805
1949,909,19970204
1950,909,19970616
1951,909,19970625
1952,910,19970204
1953,910,19970504
1954,911,19970204
1955,912,19970204
1956,913,19970205
1957,914,19970205
1958,915,19970205
1959,916,19970205
1960,916,19970526
1961,917,19970205
1962,918,19970205
1963,919,19970205
1964,920,19970205
1965,921,19970205
1966,921,19970730
1967,921,19970922
1968,922,19970205
1969,923,19970205
1970,924,19970205
1971,925,19970205
1972,926,19970205
1973,927,19970205
1974,928,19970205
1975,928,19970406
1976,929,19970205
1977,930,19970205
1978,930,19970325
1979,930,19970405
1980,930,19970617
1981,930,19970807
1982,931,19970205
1983,932,19970205
1984,932,19970309
1985,933,19970205
1986,933,19970716
1987,934,19970205
1988,935,19970205
1989,935,19970223
1990,936,19970205
1991,937,19970205
1992,937,19970303
1993,938,19970206
1994,938,19970602
1995,938,19970925
1996,939,19970206
1997,940,19970206
1998,940,19970227
1999,941,19970206
2000,942,19970206
2001,943,19970206
2002,944,19970206
2003,944,19970317
2004,944,19970930
2005,945,19970206
2006,946,19970206
2007,946,19970222
2008,946,19970226
2009,946,19970310
2010,946,19970524
2011,947,19970206
2012,948,19970206
2013,948,19970321
2014,949,19970206
2015,949,19970207
2016,949,19970212
2017,949,19970214
2018,949,19970303
2019,949,19970813
2020,949,19970915
2021,949,19970922
2022,950,19970206
2023,950,19970214
2024,951,19970206
2025,952,19970206
2026,952,19970222
2027,953,19970206
2028,954,19970206
2029,955,19970206
2030,955,19970313
2031,955,19970518
2032,955,19970521
2033,955,19970724
2034,956,19970206
2035,957,19970206
2036,957,19970325
2037,958,19970206
2038,959,19970206
2039,960,19970206
2040,961,19970206
2041,962,19970206
2042,962,19970213
2043,963,19970206
2044,964,19970206
2045,964,19970325
2046,964,19970331
2047,964,19970516
2048,964,19970630
2049,964,19970714
2050,964,19970812
2051,964,19970905
2052,965,19970206
2053,965,19970424
2054,966,19970206
2055,967,19970206
2056,967,19970226
2057,967,19970303
2058,967,19970422
2059,967,19970620
2060,967,19970727
2061,967,19970903
2062,968,19970206
2063,969,19970206
2064,969,19970212
2065,969,19970222
2066,969,19970602
2067,969,19970604
2068,969,19970614
2069,970,19970206
2070,971,19970206
2071,971,19970330
2072,971,19970517
2073,972,19970206
2074,973,19970206
2075,973,19970608
2076,974,19970206
2077,975,19970206
2078,975,19970209
2079,975,19970723
2080,975,19970727
2081,975,19970729
2082,975,19970903
2083,975,19970907
2084,976,19970206
2085,977,19970206
2086,977,19970323
2087,977,19970427
2088,978,19970206
2089,979,19970206
2090,980,19970206
2091,981,19970207
2092,981,19970416
2093,981,19970530
2094,982,19970207
2095,982,19970531
2096,982,19970816
2097,983,19970207
2098,984,19970207
2099,985,19970207
2100,985,19970408
2101,985,19970409
2102,985,19970430
2103,985,19970624
2104,985,19970726
2105,985,19970801
2106,986,19970207
2107,987,19970207
2108,988,19970207
2109,988,19970627
2110,989,19970207
2111,990,19970207
2112,990,19970727
2113,991,19970207
2114,992,19970207
2115,993,19970207
2116,994,19970207
2117,994,19970213
2118,994,19970423
2119,995,19970207
2120,996,19970207
2121,997,19970207
2122,998,19970207
2123,999,19970207
2124,999,19970219
2125,1000,19970207
2126,1000,19970313
2127,1000,19970428
2128,1000,19970604
2129,1000,19970728
2130,1001,19970207
2131,1002,19970207
2132,1003,19970207
2133,1003,19970813
2134,1004,19970207
2135,1005,19970207
2136,1005,19970306
2137,1006,19970207
2138,1007,19970208
2139,1008,19970208
2140,1008,19970218
2141,1009,19970208
2142,1010,19970208
2143,1010,19970325
2144,1010,19970326
2145,1010,19970619
2146,1010,19970620
2147,1010,19970706
2148,1011,19970208
2149,1011,19970517
2150,1011,19970620
2151,1012,19970208
2152,1013,19970208
2153,1014,19970208
2154,1015,19970208
2155,1015,19970301
2156,1015,19970419
2157,1015,19970809
2158,1016,19970208
2159,1017,19970208
2160,1017,19970220
2161,1017,19970222
2162,1017,19970328
2163,1017,19970404
2164,1017,19970426
2165,1017,19970505
2166,1017,19970616
2167,1017,19970707
2168,1017,19970721
2169,1017,19970728
2170,1017,19970902
2171,1017,19970923
2172,1018,19970208
2173,1018,19970413
2174,1019,19970208
2175,1020,19970208
2176,1021,19970208
2177,1021,19970622
2178,1021,19970708
2179,1022,19970208
2180,1023,19970208
2181,1024,19970208
2182,1025,19970208
2183,1026,19970208
2184,1027,19970208
2185,1028,19970208
2186,1029,19970208
2187,1030,19970208
2188,1031,19970208
2189,1032,19970208
2190,1033,19970208
2191,1034,19970208
2192,1035,19970208
2193,1036,19970208
2194,1037,19970208
2195,1037,19970212
2196,1037,19970313
2197,1037,19970414
2198,1037,19970519
2199,1038,19970209
2200,1038,19970721
2201,1039,19970209
2202,1039,19970411
2203,1040,19970209
2204,1041,19970209
2205,1042,19970209
2206,1042,19970401
2207,1042,19970512
2208,1042,19970615
2209,1043,19970209
2210,1044,19970209
2211,1044,19970930
2212,1045,19970209
2213,1046,19970209
2214,1046,19970213
2215,1047,19970209
2216,1048,19970209
2217,1049,19970209
2218,1050,19970209
2219,1051,19970209
2220,1051,19970429
2221,1051,19970701
2222,1051,19970705
2223,1051,19970803
2224,1052,19970209
2225,1053,19970209
2226,1054,19970209
2227,1054,19970211
2228,1054,19970623
2229,1055,19970209
2230,1056,19970209
2231,1056,19970507
2232,1056,19970608
2233,1056,19970816
2234,1056,19970918
2235,1056,19970923
2236,1057,19970209
2237,1058,19970209
2238,1058,19970421
2239,1058,19970622
2240,1058,19970731
2241,1059,19970209
2242,1059,19970210
2243,1060,19970209
2244,1061,19970209
2245,1062,19970209
2246,1062,19970224
2247,1062,19970502
2248,1062,19970512
2249,1063,19970209
2250,1064,19970209
2251,1065,19970209
2252,1066,19970209
2253,1067,19970210
2254,1068,19970210
2255,1069,19970210
2256,1070,19970210
2257,1071,19970210
2258,1071,19970224
2259,1071,19970310
2260,1072,19970210
2261,1073,19970210
2262,1074,19970210
2263,1075,19970210
2264,1075,19970305
2265,1075,19970316
2266,1076,19970210
2267,1076,19970506
2268,1076,19970516
2269,1076,19970625
2270,1077,19970210
2271,1078,19970210
2272,1079,19970210
2273,1080,19970210
2274,1081,19970210
2275,1081,19970213
2276,1081,19970222
2277,1081,19970225
2278,1081,19970309
2279,1081,19970326
2280,1081,19970407
2281,1081,19970516
2282,1081,19970602
2283,1081,19970728
2284,1081,19970730
2285,1081,19970922
2286,1082,19970210
2287,1083,19970210
2288,1084,19970210
2289,1084,19970211
2290,1084,19970226
2291,1085,19970210
2292,1086,19970210
2293,1086,19970623
2294,1087,19970210
2295,1088,19970210
2296,1088,19970217
2297,1088,19970303
2298,1088,19970316
2299,1088,19970704
2300,1088,19970802
2301,1088,19970803
2302,1088,19970830
2303,1089,19970210
2304,1090,19970210
2305,1091,19970210
2306,1091,19970623
2307,1092,19970210
2308,1093,19970210
2309,1093,19970324
2310,1093,19970414
2311,1093,19970505
2312,1094,19970210
2313,1095,19970210
2314,1095,19970313
2315,1095,19970825
2316,1096,19970210
2317,1097,19970210
2318,1097,19970224
2319,1098,19970210
2320,1099,19970210
2321,1099,19970218
2322,1099,19970409
2323,1099,19970506
2324,1099,19970804
2325,1100,19970211
2326,1100,19970409
2327,1100,19970529
2328,1101,19970211
2329,1101,19970314
2330,1101,19970325
2331,1102,19970211
2332,1102,19970619
2333,1103,19970211
2334,1104,19970211
2335,1105,19970211
2336,1106,19970211
2337,1107,19970211
2338,1108,19970211
2339,1108,19970412
2340,1109,19970211
2341,1109,19970224
2342,1109,19970523
2343,1109,19970911
2344,1110,19970211
2345,1111,19970211
2346,1112,19970211
2347,1112,19970620
2348,1113,19970211
2349,1113,19970217
2350,1114,19970211
2351,1114,19970212
2352,1114,19970311
2353,1114,19970324
2354,1114,19970407
2355,1114,19970507
2356,1114,19970620
2357,1115,19970211
2358,1116,19970211
2359,1117,19970211
2360,1117,19970311
2361,1117,19970617
2362,1117,19970727
2363,1117,19970902
2364,1118,19970211
2365,1119,19970211
2366,1120,19970211
2367,1120,19970220
2368,1121,19970211
2369,1122,19970211
2370,1122,19970309
2371,1122,19970421
2372,1123,19970211
2373,1124,19970211
2374,1124,19970228
2375,1125,19970211
2376,1125,19970222
2377,1125,19970321
2378,1125,19970420
2379,1126,19970211
2380,1126,19970215
2381,1126,19970223
2382,1126,19970710
2383,1126,19970715
2384,1126,19970727
2385,1126,19970818
2386,1126,19970912
2387,1127,19970211
2388,1127,19970405
2389,1127,19970527
2390,1128,19970211
2391,1129,19970211
2392,1129,19970412
2393,1129,19970608
2394,1129,19970626
2395,1129,19970914
2396,1129,19970924
2397,1130,19970211
2398,1131,19970211
2399,1132,19970211
2400,1133,19970212
2401,1134,19970212
2402,1134,19970324
2403,1134,19970408
2404,1134,19970730
2405,1134,19970907
2406,1134,19970927
2407,1135,19970212
2408,1136,19970212
2409,1136,19970215
2410,1136,19970217
2411,1136,19970224
2412,1136,19970225
2413,1136,19970312
2414,1136,19970317
2415,1136,19970329
2416,1136,19970401
2417,1136,19970406
2418,1136,19970415
2419,1136,19970507
2420,1136,19970616
2421,1137,19970212
2422,1137,19970621
2423,1138,19970212
2424,1139,19970212
2425,1139,19970624
2426,1140,19970212
2427,1141,19970212
2428,1141,19970217
2429,1142,19970212
2430,1143,19970212
2431,1144,19970212
2432,1145,19970212
2433,1146,19970212
2434,1146,19970304
2435,1146,19970311
2436,1146,19970413
2437,1147,19970212
2438,1148,19970212
2439,1149,19970212
2440,1150,19970212
2441,1151,19970212
2442,1152,19970212
2443,1152,19970508
2444,1153,19970212
2445,1154,19970212
2446,1154,19970216
2447,1155,19970212
2448,1156,19970212
2449,1157,19970212
2450,1158,19970213
2451,1159,19970213
2452,1160,19970213
2453,1160,19970718
2454,1160,19970824
2455,1160,19970919
2456,1160,19970921
2457,1161,19970213
2458,1162,19970213
2459,1163,19970213
2460,1164,19970213
2461,1164,19970408
2462,1164,19970601
2463,1165,19970213
2464,1166,19970213
2465,1166,19970217
2466,1166,19970218
2467,1166,19970219
2468,1166,19970222
2469,1167,19970213
2470,1168,19970213
2471,1168,19970218
2472,1169,19970213
2473,1170,19970213
2474,1170,19970304
2475,1171,19970213
2476,1172,19970213
2477,1172,19970227
2478,1172,19970228
2479,1172,19970327
2480,1173,19970213
2481,1174,19970213
2482,1175,19970213
2483,1176,19970213
2484,1177,19970213
2485,1178,19970213
2486,1178,19970416
2487,1179,19970213
2488,1180,19970213
2489,1181,19970213
2490,1181,19970217
2491,1181,19970818
2492,1181,19970831
2493,1182,19970213
2494,1183,19970214
2495,1183,19970521
2496,1183,19970702
2497,1183,19970708
2498,1184,19970214
2499,1184,19970403
2500,1184,19970410
2501,1184,19970522
2502,1184,19970709
2503,1185,19970214
2504,1185,19970913
2505,1186,19970214
2506,1187,19970214
2507,1187,19970914
2508,1187,19970930
2509,1188,19970214
2510,1188,19970311
2511,1189,19970214
2512,1189,19970802
2513,1189,19970924
2514,1190,19970214
2515,1190,19970220
2516,1191,19970214
2517,1192,19970214
2518,1193,19970214
2519,1193,19970215
2520,1193,19970222
2521,1194,19970214
2522,1194,19970225
2523,1195,19970214
2524,1196,19970214
2525,1197,19970214
2526,1198,19970214
2527,1198,19970218
2528,1199,19970214
2529,1199,19970224
2530,1199,19970321
2531,1199,19970331
2532,1199,19970420
2533,1199,19970424
2534,1199,19970507
2535,1199,19970530
2536,1200,19970214
2537,1201,19970214
2538,1201,19970318
2539,1201,19970327
2540,1201,19970520
2541,1201,19970627
2542,1201,19970724
2543,1201,19970820
2544,1202,19970214
2545,1203,19970214
2546,1203,19970222
2547,1203,19970426
2548,1203,19970601
2549,1203,19970608
2550,1203,19970821
2551,1203,19970909
2552,1204,19970214
2553,1205,19970214
2554,1206,19970214
2555,1207,19970214
2556,1207,19970216
2557,1208,19970215
2558,1209,19970215
2559,1210,19970215
2560,1211,19970215
2561,1212,19970215
2562,1213,19970215
2563,1214,19970215
2564,1215,19970215
2565,1216,19970215
2566,1217,19970215
2567,1217,19970330
2568,1218,19970215
2569,1219,19970215
2570,1220,19970215
2571,1220,19970313
2572,1221,19970215
2573,1222,19970215
2574,1223,19970215
2575,1224,19970215
2576,1225,19970215
2577,1226,19970215
2578,1227,19970215
2579,1227,19970629
2580,1227,19970726
2581,1227,19970831
2582,1228,19970215
2583,1229,19970215
2584,1230,19970216
2585,1230,19970221
2586,1230,19970314
2587,1230,19970816
2588,1231,19970216
2589,1232,19970216
2590,1232,19970408
2591,1232,19970429
2592,1232,19970828
2593,1233,19970216
2594,1234,19970216
2595,1234,19970224
2596,1234,19970326
2597,1234,19970329
2598,1234,19970403
2599,1234,19970420
2600,1234,19970710
2601,1234,19970719
2602,1234,19970727
2603,1235,19970216
2604,1236,19970216
2605,1236,19970222
2606,1237,19970216
2607,1238,19970216
2608,1239,19970216
2609,1239,19970406
2610,1239,19970519
2611,1240,19970216
2612,1241,19970216
2613,1242,19970216
2614,1242,19970222
2615,1242,19970325
2616,1242,19970425
2617,1242,19970510
2618,1242,19970524
2619,1242,19970531
2620,1242,19970607
2621,1242,19970618
2622,1242,19970624
2623,1242,19970708
2624,1242,19970920
2625,1243,19970216
2626,1244,19970216
2627,1244,19970225
2628,1245,19970216
2629,1245,19970222
2630,1245,19970311
2631,1245,19970323
2632,1245,19970725
2633,1245,19970903
2634,1245,19970905
2635,1245,19970929
2636,1245,19970930
2637,1246,19970216
2638,1247,19970216
2639,1247,19970313
2640,1248,19970216
2641,1249,19970216
2642,1249,19970412
2643,1250,19970216
2644,1251,19970216
2645,1252,19970216
2646,1252,19970416
2647,1252,19970529
2648,1252,19970730
2649,1253,19970216
2650,1254,19970216
2651,1255,19970216
2652,1256,19970216
2653,1257,19970216
2654,1258,19970216
2655,1258,19970415
2656,1258,19970514
2657,1258,19970527
2658,1259,19970216
2659,1259,19970308
2660,1260,19970216
2661,1261,19970216
2662,1261,19970705
2663,1262,19970216
2664,1262,19970222
2665,1262,19970406
2666,1262,19970505
2667,1262,19970615
2668,1262,19970720
2669,1262,19970810
2670,1263,19970216
2671,1264,19970216
2672,1264,19970503
2673,1264,19970716
2674,1265,19970217
2675,1265,19970627
2676,1266,19970217
2677,1266,19970218
2678,1267,19970217
2679,1268,19970217
2680,1268,19970309
2681,1269,19970217
2682,1269,19970222
2683,1270,19970217
2684,1271,19970217
2685,1271,19970320
2686,1271,19970505
2687,1271,19970511
2688,1272,19970217
2689,1272,19970504
2690,1272,19970628
2691,1273,19970217
2692,1274,19970217
2693,1275,19970217
2694,1276,19970217
2695,1276,19970219
2696,1276,19970306
2697,1277,19970217
2698,1277,19970409
2699,1278,19970217
2700,1278,19970608
2701,1279,19970217
2702,1280,19970217
2703,1281,19970217
2704,1282,19970217
2705,1283,19970217
2706,1283,19970223
2707,1283,19970224
2708,1283,19970227
2709,1284,19970217
2710,1284,19970327
2711,1284,19970416
2712,1285,19970217
2713,1286,19970217
2714,1286,19970221
2715,1286,19970318
2716,1286,19970701
2717,1287,19970217
2718,1288,19970217
2719,1289,19970217
2720,1289,19970402
2721,1290,19970217
2722,1290,19970225
2723,1290,19970421
2724,1290,19970808
2725,1290,19970809
2726,1291,19970217
2727,1292,19970217
2728,1292,19970317
2729,1292,19970415
2730,1292,19970512
2731,1292,19970529
2732,1292,19970819
2733,1292,19970920
2734,1293,19970217
2735,1294,19970217
2736,1294,19970330
2737,1295,19970217
2738,1295,19970916
2739,1296,19970217
2740,1296,19970227
2741,1296,19970412
2742,1296,19970603
2743,1296,19970830
2744,1297,19970217
2745,1298,19970217
2746,1298,19970825
2747,1298,19970826
2748,1299,19970217
2749,1300,19970217
2750,1300,19970316
2751,1300,19970413
2752,1300,19970601
2753,1300,19970926
2754,1301,19970218
2755,1302,19970218
2756,1303,19970218
2757,1304,19970218
2758,1305,19970218
2759,1305,19970526
2760,1305,19970719
2761,1306,19970218
2762,1307,19970218
2763,1307,19970914
2764,1308,19970218
2765,1309,19970218
2766,1309,19970624
2767,1310,19970218
2768,1310,19970314
2769,1310,19970415
2770,1311,19970218
2771,1312,19970218
2772,1313,19970218
2773,1313,19970430
2774,1314,19970218
2775,1315,19970218
2776,1316,19970218
2777,1316,19970318
2778,1316,19970512
2779,1317,19970218
2780,1317,19970423
2781,1318,19970218
2782,1319,19970218
2783,1320,19970218
2784,1320,19970318
2785,1320,19970324
2786,1320,19970403
2787,1321,19970218
2788,1322,19970218
2789,1323,19970218
2790,1324,19970218
2791,1325,19970218
2792,1326,19970218
2793,1327,19970218
2794,1327,19970701
2795,1328,19970218
2796,1328,19970911
2797,1329,19970218
2798,1329,19970305
2799,1329,19970520
2800,1329,19970803
2801,1330,19970218
2802,1330,19970526
2803,1330,19970827
2804,1331,19970218
2805,1332,19970218
2806,1333,19970218
2807,1334,19970218
2808,1334,19970322
2809,1335,19970219
2810,1336,19970219
2811,1337,19970219
2812,1338,19970219
2813,1338,19970308
2814,1338,19970413
2815,1338,19970706
2816,1338,19970911
2817,1339,19970219
2818,1340,19970219
2819,1340,19970302
2820,1341,19970219
2821,1341,19970220
2822,1341,19970227
2823,1341,19970314
2824,1342,19970219
2825,1343,19970219
2826,1344,19970219
2827,1345,19970219
2828,1346,19970219
2829,1347,19970219
2830,1348,19970219
2831,1348,19970914
2832,1348,19970921
2833,1348,19970922
2834,1349,19970219
2835,1349,19970804
2836,1350,19970219
2837,1351,19970219
2838,1351,19970226
2839,1352,19970219
2840,1352,19970921
2841,1353,19970219
2842,1353,19970222
2843,1353,19970508
2844,1354,19970219
2845,1355,19970219
2846,1355,19970515
2847,1355,19970808
2848,1356,19970219
2849,1357,19970219
2850,1358,19970219
2851,1359,19970219
2852,1359,19970517
2853,1359,19970620
2854,1359,19970818
2855,1360,19970219
2856,1361,19970219
2857,1361,19970921
2858,1362,19970219
2859,1363,19970219
2860,1363,19970704
2861,1364,19970219
2862,1365,19970220
2863,1365,19970302
2864,1365,19970304
2865,1365,19970305
2866,1365,19970405
2867,1365,19970626
2868,1365,19970629
2869,1365,19970708
2870,1365,19970810
2871,1365,19970922
2872,1366,19970220
2873,1367,19970220
2874,1368,19970220
2875,1368,19970323
2876,1368,19970403
2877,1368,19970415
2878,1368,19970420
2879,1369,19970220
2880,1370,19970220
2881,1370,19970427
2882,1370,19970803
2883,1371,19970220
2884,1372,19970220
2885,1372,19970502
2886,1372,19970531
2887,1372,19970603
2888,1372,19970628
2889,1372,19970821
2890,1373,19970220
2891,1374,19970220
2892,1375,19970220
2893,1375,19970329
2894,1376,19970220
2895,1377,19970220
2896,1378,19970220
2897,1378,19970731
2898,1379,19970220
2899,1380,19970220
2900,1381,19970220
2901,1381,19970508
2902,1381,19970513
2903,1382,19970220
2904,1383,19970220
2905,1384,19970220
2906,1385,19970220
2907,1386,19970220
2908,1387,19970220
2909,1387,19970222
2910,1387,19970302
2911,1387,19970816
2912,1387,19970920
2913,1388,19970220
2914,1388,19970327
2915,1389,19970220
2916,1390,19970221
2917,1391,19970221
2918,1391,19970228
2919,1392,19970221
2920,1392,19970223
2921,1392,19970404
2922,1392,19970418
2923,1392,19970602
2924,1392,19970731
2925,1393,19970221
2926,1394,19970221
2927,1395,19970221
2928,1396,19970221
2929,1396,19970415
2930,1397,19970221
2931,1398,19970221
2932,1398,19970510
2933,1399,19970221
2934,1400,19970221
2935,1400,19970418
2936,1401,19970221
2937,1402,19970221
2938,1402,19970408
2939,1403,19970221
2940,1404,19970221
2941,1405,19970221
2942,1406,19970221
2943,1407,19970221
2944,1407,19970227
2945,1408,19970221
2946,1408,19970325
2947,1408,19970713
2948,1408,19970906
2949,1409,19970221
2950,1410,19970221
2951,1411,19970221
2952,1411,19970307
2953,1411,19970530
2954,1412,19970221
2955,1413,19970221
2956,1413,19970226
2957,1413,19970308
2958,1413,19970316
2959,1413,19970409
2960,1413,19970429
2961,1413,19970515
2962,1413,19970603
2963,1413,19970610
2964,1413,19970614
2965,1413,19970624
2966,1413,19970729
2967,1413,19970906
2968,1413,19970914
2969,1413,19970921
2970,1414,19970221
2971,1414,19970319
2972,1414,19970324
2973,1414,19970401
2974,1414,19970619
2975,1415,19970222
2976,1416,19970222
2977,1417,19970222
2978,1418,19970222
2979,1419,19970222
2980,1420,19970222
2981,1421,19970222
2982,1421,19970306
2983,1421,19970921
2984,1422,19970222
2985,1423,19970222
2986,1424,19970222
2987,1424,19970408
2988,1424,19970814
2989,1425,19970222
2990,1426,19970222
2991,1426,19970406
2992,1426,19970518
2993,1426,19970703
2994,1427,19970222
2995,1428,19970222
2996,1428,19970310
2997,1428,19970407
2998,1429,19970222
2999,1430,19970222
3000,1431,19970222
3001,1431,19970304
3002,1432,19970222
3003,1432,19970902
3004,1433,19970222
3005,1433,19970223
3006,1433,19970302
3007,1433,19970417
3008,1433,19970501
3009,1433,19970522
3010,1433,19970709
3011,1434,19970222
3012,1434,19970824
3013,1435,19970222
3014,1435,19970321
3015,1435,19970420
3016,1435,19970504
3017,1435,19970519
3018,1435,19970531
3019,1435,19970629
3020,1436,19970222
3021,1437,19970222
3022,1437,19970313
3023,1438,19970222
3024,1438,19970311
3025,1438,19970415
3026,1439,19970222
3027,1440,19970222
3028,1441,19970222
3029,1441,19970702
3030,1441,19970730
3031,1442,19970222
3032,1442,19970730
3033,1443,19970222
3034,1444,19970222
3035,1444,19970630
3036,1444,19970722
3037,1445,19970222
3038,1445,19970928
3039,1446,19970222
3040,1447,19970223
3041,1447,19970501
3042,1448,19970223
3043,1449,19970223
3044,1449,19970503
3045,1449,19970720
3046,1450,19970223
3047,1451,19970223
3048,1452,19970223
3049,1452,19970417
3050,1452,19970430
3051,1452,19970625
3052,1453,19970223
3053,1454,19970223
3054,1455,19970223
3055,1456,19970223
3056,1457,19970223
3057,1458,19970223
3058,1459,19970223
3059,1460,19970223
3060,1460,19970303
3061,1460,19970408
3062,1460,19970418
3063,1460,19970526
3064,1461,19970223
3065,1462,19970223
3066,1462,19970303
3067,1462,19970423
3068,1462,19970711
3069,1462,19970714
3070,1463,19970223
3071,1464,19970223
3072,1464,19970406
3073,1465,19970223
3074,1466,19970223
3075,1467,19970223
3076,1467,19970225
3077,1467,19970305
3078,1467,19970410
3079,1467,19970603
3080,1467,19970915
3081,1468,19970223
3082,1469,19970223
3083,1469,19970324
3084,1469,19970830
3085,1470,19970223
3086,1471,19970224
3087,1471,19970624
3088,1472,19970224
3089,1473,19970224
3090,1473,19970327
3091,1473,19970421
3092,1473,19970603
3093,1473,19970706
3094,1473,19970831
3095,1474,19970224
3096,1475,19970224
3097,1475,19970312
3098,1476,19970224
3099,1476,19970814
3100,1476,19970827
3101,1477,19970224
3102,1478,19970224
3103,1478,19970403
3104,1478,19970521
3105,1479,19970224
3106,1479,19970226
3107,1479,19970708
3108,1480,19970224
3109,1481,19970224
3110,1482,19970224
3111,1482,19970621
3112,1483,19970224
3113,1484,19970224
3114,1485,19970224
3115,1486,19970224
3116,1487,19970224
3117,1488,19970224
3118,1489,19970224
3119,1489,19970826
3120,1490,19970224
3121,1490,19970316
3122,1490,19970331
3123,1491,19970224
3124,1492,19970224
3125,1493,19970224
3126,1494,19970224
3127,1495,19970224
3128,1495,19970309
3129,1495,19970421
3130,1495,19970729
3131,1496,19970224
3132,1497,19970224
3133,1497,19970331
3134,1497,19970601
3135,1497,19970630
3136,1497,19970728
3137,1498,19970224
3138,1499,19970224
3139,1499,19970310
3140,1500,19970224
3141,1501,19970224
3142,1502,19970224
3143,1502,19970714
3144,1502,19970820
3145,1502,19970824
3146,1503,19970224
3147,1503,19970318
3148,1504,19970224
3149,1505,19970224
3150,1505,19970428
3151,1505,19970819
3152,1506,19970224
3153,1507,19970224
3154,1507,19970320
3155,1507,19970324
3156,1508,19970225
3157,1508,19970509
3158,1509,19970225
3159,1510,19970225
3160,1511,19970225
3161,1512,19970225
3162,1512,19970401
3163,1512,19970421
3164,1512,19970430
3165,1512,19970708
3166,1513,19970225
3167,1514,19970225
3168,1515,19970225
3169,1516,19970225
3170,1516,19970228
3171,1516,19970329
3172,1516,19970609
3173,1516,19970611
3174,1516,19970702
3175,1516,19970705
3176,1516,19970711
3177,1516,19970721
3178,1516,19970722
3179,1516,19970724
3180,1516,19970726
3181,1516,19970730
3182,1516,19970802
3183,1516,19970808
3184,1516,19970810
3185,1516,19970812
3186,1516,19970818
3187,1516,19970820
3188,1516,19970822
3189,1516,19970906
3190,1516,19970910
3191,1516,19970914
3192,1516,19970916
3193,1516,19970917
3194,1516,19970921
3195,1516,19970929
3196,1517,19970225
3197,1517,19970927
3198,1518,19970225
3199,1518,19970311
3200,1518,19970326
3201,1518,19970402
3202,1518,19970413
3203,1518,19970416
3204,1518,19970827
3205,1519,19970225
3206,1520,19970225
3207,1521,19970225
3208,1521,19970424
3209,1522,19970225
3210,1523,19970225
3211,1524,19970225
3212,1525,19970225
3213,1525,19970906
3214,1525,19970927
3215,1526,19970225
3216,1527,19970225
3217,1528,19970225
3218,1529,19970225
3219,1529,19970304
3220,1529,19970308
3221,1530,19970225
3222,1531,19970225
3223,1532,19970225
3224,1532,19970627
3225,1533,19970225
3226,1533,19970421
3227,1533,19970713
3228,1534,19970225
3229,1535,19970225
3230,1535,19970918
3231,1536,19970225
3232,1537,19970225
3233,1538,19970225
3234,1539,19970226
3235,1539,19970308
3236,1539,19970321
3237,1539,19970324
3238,1539,19970409
3239,1539,19970430
3240,1539,19970518
3241,1539,19970527
3242,1539,19970614
3243,1539,19970616
3244,1539,19970705
3245,1539,19970726
3246,1539,19970809
3247,1539,19970824
3248,1539,19970923
3249,1540,19970226
3250,1541,19970226
3251,1541,19970317
3252,1542,19970226
3253,1543,19970226
3254,1543,19970326
3255,1543,19970403
3256,1544,19970226
3257,1544,19970402
3258,1544,19970508
3259,1544,19970529
3260,1544,19970823
3261,1545,19970226
3262,1546,19970226
3263,1546,19970317
3264,1547,19970226
3265,1547,19970326
3266,1547,19970514
3267,1547,19970701
3268,1547,19970724
3269,1547,19970827
3270,1547,19970919
3271,1548,19970226
3272,1549,19970226
3273,1550,19970226
3274,1550,19970227
3275,1551,19970226
3276,1551,19970318
3277,1551,19970425
3278,1551,19970827
3279,1552,19970226
3280,1552,19970313
3281,1553,19970226
3282,1554,19970226
3283,1555,19970226
3284,1556,19970226
3285,1557,19970226
3286,1557,19970620
3287,1558,19970226
3288,1558,19970314
3289,1559,19970226
3290,1560,19970226
3291,1560,19970306
3292,1560,19970318
3293,1560,19970320
3294,1560,19970327
3295,1560,19970330
3296,1560,19970406
3297,1560,19970416
3298,1560,19970915
3299,1561,19970226
3300,1562,19970226
3301,1563,19970226
3302,1564,19970226
3303,1565,19970226
3304,1566,19970226
3305,1567,19970226
3306,1567,19970227
3307,1567,19970822
3308,1567,19970826
3309,1568,19970226
3310,1569,19970226
3311,1569,19970405
3312,1570,19970226
3313,1571,19970226
3314,1572,19970226
3315,1572,19970309
3316,1572,19970621
3317,1572,19970926
3318,1573,19970226
3319,1574,19970226
3320,1574,19970306
3321,1575,19970227
3322,1575,19970513
3323,1576,19970227
3324,1576,19970320
3325,1577,19970227
3326,1577,19970731
3327,1578,19970227
3328,1579,19970227
3329,1579,19970326
3330,1580,19970227
3331,1580,19970304
3332,1580,19970306
3333,1580,19970425
3334,1580,19970428
3335,1580,19970430
3336,1580,19970513
3337,1580,19970516
3338,1580,19970519
3339,1580,19970522
3340,1581,19970227
3341,1582,19970227
3342,1583,19970227
3343,1583,19970419
3344,1583,19970611
3345,1583,19970831
3346,1584,19970227
3347,1585,19970227
3348,1586,19970227
3349,1587,19970227
3350,1588,19970227
3351,1588,19970421
3352,1589,19970227
3353,1590,19970227
3354,1591,19970227
3355,1592,19970227
3356,1593,19970227
3357,1593,19970313
3358,1594,19970227
3359,1595,19970227
3360,1595,19970319
3361,1595,19970327
3362,1596,19970227
3363,1597,19970227
3364,1597,19970308
3365,1597,19970405
3366,1597,19970414
3367,1597,19970719
3368,1598,19970227
3369,1598,19970821
3370,1599,19970227
3371,1600,19970227
3372,1601,19970227
3373,1602,19970227
3374,1603,19970227
3375,1604,19970227
3376,1605,19970227
3377,1605,19970302
3378,1605,19970727
3379,1606,19970227
3380,1607,19970227
3381,1607,19970819
3382,1608,19970227
3383,1608,19970927
3384,1609,19970228
3385,1609,19970611
3386,1610,19970228
3387,1611,19970228
3388,1611,19970307
3389,1611,19970514
3390,1611,19970701
3391,1612,19970228
3392,1612,19970313
3393,1612,19970411
3394,1613,19970228
3395,1614,19970228
3396,1614,19970307
3397,1614,19970910
3398,1615,19970228
3399,1615,19970613
3400,1615,19970623
3401,1615,19970727
3402,1615,19970730
3403,1615,19970915
3404,1616,19970228
3405,1617,19970228
3406,1617,19970624
3407,1618,19970228
3408,1619,19970228
3409,1620,19970228
3410,1620,19970312
3411,1621,19970228
3412,1621,19970828
3413,1622,19970228
3414,1623,19970228
3415,1624,19970228
3416,1625,19970228
3417,1626,19970228
3418,1626,19970323
3419,1627,19970228
3420,1628,19970228
3421,1628,19970414
3422,1628,19970702
3423,1628,19970807
3424,1628,19970811
3425,1628,19970828
3426,1629,19970228
3427,1629,19970913
3428,1630,19970228
3429,1631,19970228
3430,1631,19970409
3431,1632,19970228
3432,1633,19970228
3433,1633,19970306
3434,1633,19970603
3435,1633,19970728
3436,1633,19970903
3437,1634,19970228
3438,1635,19970228
3439,1636,19970228
3440,1637,19970228
3441,1638,19970228
3442,1639,19970301
3443,1639,19970504
3444,1639,19970519
3445,1639,19970615
3446,1639,19970731
3447,1640,19970301
3448,1640,19970505
3449,1640,19970512
3450,1640,19970529
3451,1641,19970301
3452,1642,19970301
3453,1643,19970301
3454,1644,19970301
3455,1644,19970630
3456,1645,19970301
3457,1646,19970301
3458,1646,19970324
3459,1647,19970301
3460,1648,19970301
3461,1648,19970402
3462,1648,19970502
3463,1649,19970301
3464,1650,19970301
3465,1651,19970301
3466,1652,19970301
3467,1652,19970309
3468,1652,19970819
3469,1653,19970301
3470,1653,19970401
3471,1653,19970504
3472,1653,19970619
3473,1653,19970725
3474,1654,19970301
3475,1655,19970301
3476,1656,19970301
3477,1657,19970301
3478,1658,19970301
3479,1658,19970610
3480,1658,19970716
3481,1659,19970301
3482,1660,19970301
3483,1661,19970301
3484,1662,19970301
3485,1662,19970627
3486,1663,19970301
3487,1664,19970301
3488,1664,19970412
3489,1665,19970302
3490,1665,19970401
3491,1666,19970302
3492,1667,19970302
3493,1668,19970302
3494,1668,19970428
3495,1668,19970603
3496,1668,19970628
3497,1669,19970302
3498,1669,19970611
3499,1669,19970831
3500,1669,19970930
3501,1670,19970302
3502,1671,19970302
3503,1671,19970430
3504,1671,19970829
3505,1672,19970302
3506,1673,19970302
3507,1673,19970728
3508,1674,19970302
3509,1675,19970302
3510,1675,19970821
3511,1676,19970302
3512,1677,19970302
3513,1678,19970302
3514,1679,19970302
3515,1679,19970518
3516,1679,19970622
3517,1679,19970727
3518,1679,19970904
3519,1679,19970916
3520,1680,19970302
3521,1680,19970429
3522,1681,19970302
3523,1681,19970318
3524,1681,19970416
3525,1681,19970708
3526,1682,19970302
3527,1683,19970302
3528,1683,19970624
3529,1683,19970716
3530,1684,19970302
3531,1684,19970315
3532,1685,19970302
3533,1686,19970302
3534,1686,19970512
3535,1687,19970302
3536,1688,19970302
3537,1689,19970302
3538,1690,19970302
3539,1690,19970803
3540,1691,19970302
3541,1692,19970302
3542,1692,19970315
3543,1692,19970329
3544,1693,19970302
3545,1694,19970302
3546,1695,19970302
3547,1696,19970303
3548,1696,19970311
3549,1696,19970705
3550,1697,19970303
3551,1697,19970619
3552,1697,19970629
3553,1697,19970727
3554,1698,19970303
3555,1699,19970303
3556,1700,19970303
3557,1700,19970314
3558,1700,19970323
3559,1700,19970328
3560,1700,19970404
3561,1700,19970929
3562,1701,19970303
3563,1702,19970303
3564,1702,19970312
3565,1702,19970317
3566,1703,19970303
3567,1704,19970303
3568,1705,19970303
3569,1706,19970303
3570,1707,19970303
3571,1708,19970303
3572,1708,19970312
3573,1709,19970303
3574,1709,19970624
3575,1710,19970303
3576,1711,19970303
3577,1712,19970303
3578,1712,19970407
3579,1712,19970413
3580,1712,19970606
3581,1712,19970623
3582,1712,19970713
3583,1712,19970811
3584,1712,19970902
3585,1712,19970903
3586,1712,19970919
3587,1713,19970303
3588,1713,19970325
3589,1713,19970504
3590,1714,19970303
3591,1715,19970303
3592,1715,19970416
3593,1716,19970303
3594,1716,19970318
3595,1717,19970303
3596,1718,19970303
3597,1719,19970303
3598,1720,19970303
3599,1720,19970803
3600,1721,19970303
3601,1721,19970803
3602,1722,19970303
3603,1723,19970303
3604,1724,19970303
3605,1725,19970303
3606,1726,19970304
3607,1727,19970304
3608,1728,19970304
3609,1728,19970312
3610,1728,19970411
3611,1729,19970304
3612,1730,19970304
3613,1731,19970304
3614,1732,19970304
3615,1733,19970304
3616,1733,19970306
3617,1733,19970729
3618,1733,19970928
3619,1734,19970304
3620,1735,19970304
3621,1736,19970304
3622,1737,19970304
3623,1737,19970728
3624,1738,19970304
3625,1739,19970304
3626,1740,19970304
3627,1741,19970304
3628,1742,19970304
3629,1742,19970515
3630,1742,19970827
3631,1743,19970304
3632,1744,19970304
3633,1744,19970524
3634,1744,19970816
3635,1744,19970825
3636,1744,19970827
3637,1745,19970304
3638,1746,19970304
3639,1746,19970428
3640,1746,19970813
3641,1746,19970820
3642,1746,19970919
3643,1747,19970304
3644,1747,19970423
3645,1747,19970725
3646,1747,19970822
3647,1748,19970304
3648,1749,19970304
3649,1749,19970428
3650,1749,19970522
3651,1749,19970624
3652,1750,19970304
3653,1750,19970504
3654,1750,19970622
3655,1751,19970304
3656,1752,19970304
3657,1753,19970304
3658,1754,19970304
3659,1755,19970304
3660,1756,19970304
3661,1756,19970308
3662,1756,19970323
3663,1756,19970411
3664,1756,19970426
3665,1757,19970304
3666,1758,19970305
3667,1759,19970305
3668,1760,19970305
3669,1760,19970405
3670,1760,19970617
3671,1760,19970725
3672,1760,19970801
3673,1760,19970907
3674,1761,19970305
3675,1761,19970317
3676,1761,19970331
3677,1761,19970418
3678,1762,19970305
3679,1762,19970617
3680,1762,19970620
3681,1763,19970305
3682,1763,19970414
3683,1763,19970922
3684,1764,19970305
3685,1765,19970305
3686,1766,19970305
3687,1766,19970325
3688,1766,19970728
3689,1766,19970825
3690,1767,19970305
3691,1767,19970315
3692,1767,19970701
3693,1768,19970305
3694,1768,19970414
3695,1768,19970428
3696,1768,19970604
3697,1768,19970907
3698,1769,19970305
3699,1770,19970305
3700,1770,19970318
3701,1770,19970322
3702,1770,19970328
3703,1770,19970404
3704,1770,19970408
3705,1770,19970426
3706,1770,19970917
3707,1771,19970305
3708,1771,19970803
3709,1772,19970305
3710,1772,19970311
3711,1772,19970728
3712,1773,19970305
3713,1774,19970305
3714,1774,19970326
3715,1774,19970501
3716,1775,19970305
3717,1775,19970615
3718,1775,19970620
3719,1776,19970305
3720,1777,19970305
3721,1777,19970306
3722,1777,19970316
3723,1777,19970322
3724,1778,19970305
3725,1779,19970305
3726,1780,19970305
3727,1781,19970305
3728,1781,19970824
3729,1782,19970305
3730,1783,19970305
3731,1783,19970611
3732,1784,19970305
3733,1785,19970305
3734,1786,19970305
3735,1786,19970318
3736,1786,19970530
3737,1786,19970602
3738,1787,19970305
3739,1788,19970305
3740,1789,19970305
3741,1789,19970325
3742,1790,19970305
3743,1790,19970423
3744,1790,19970521
3745,1790,19970530
3746,1790,19970725
3747,1790,19970814
3748,1790,19970906
3749,1791,19970305
3750,1792,19970305
3751,1792,19970706
3752,1793,19970305
3753,1794,19970305
3754,1794,19970411
3755,1794,19970826
3756,1795,19970305
3757,1795,19970320
3758,1795,19970407
3759,1795,19970414
3760,1796,19970305
3761,1797,19970305
3762,1798,19970306
3763,1798,19970307
3764,1798,19970330
3765,1798,19970513
3766,1799,19970306
3767,1800,19970306
3768,1800,19970725
3769,1801,19970306
3770,1802,19970306
3771,1803,19970306
3772,1804,19970306
3773,1805,19970306
3774,1806,19970306
3775,1807,19970306
3776,1808,19970306
3777,1808,19970325
3778,1808,19970423
3779,1808,19970623
3780,1808,19970813
3781,1808,19970929
3782,1809,19970306
3783,1810,19970306
3784,1811,19970306
3785,1812,19970306
3786,1812,19970801
3787,1813,19970306
3788,1814,19970306
3789,1815,19970306
3790,1816,19970306
3791,1817,19970306
3792,1818,19970306
3793,1819,19970306
3794,1820,19970306
3795,1820,19970409
3796,1820,19970410
3797,1820,19970422
3798,1820,19970428
3799,1820,19970511
3800,1820,19970619
3801,1820,19970716
3802,1820,19970801
3803,1820,19970817
3804,1821,19970306
3805,1821,19970407
3806,1821,19970519
3807,1821,19970913
3808,1821,19970919
3809,1822,19970306
3810,1822,19970517
3811,1822,19970915
3812,1823,19970306
3813,1824,19970306
3814,1825,19970306
3815,1825,19970410
3816,1826,19970306
3817,1826,19970313
3818,1826,19970328
3819,1826,19970404
3820,1826,19970501
3821,1827,19970307
3822,1827,19970731
3823,1828,19970307
3824,1829,19970307
3825,1829,19970314
3826,1830,19970307
3827,1831,19970307
3828,1831,19970731
3829,1832,19970307
3830,1833,19970307
3831,1834,19970307
3832,1834,19970723
3833,1835,19970307
3834,1836,19970307
3835,1836,19970312
3836,1837,19970307
3837,1838,19970307
3838,1839,19970307
3839,1840,19970307
3840,1840,19970319
3841,1841,19970307
3842,1842,19970307
3843,1842,19970615
3844,1843,19970307
3845,1843,19970320
3846,1843,19970603
3847,1843,19970617
3848,1843,19970821
3849,1843,19970929
3850,1844,19970307
3851,1845,19970307
3852,1845,19970829
3853,1846,19970307
3854,1847,19970307
3855,1848,19970307
3856,1849,19970307
3857,1849,19970912
3858,1850,19970307
3859,1851,19970307
3860,1851,19970514
3861,1852,19970307
3862,1853,19970307
3863,1853,19970321
3864,1854,19970307
3865,1855,19970307
3866,1855,19970318
3867,1856,19970308
3868,1856,19970908
3869,1857,19970308
3870,1858,19970308
3871,1859,19970308
3872,1860,19970308
3873,1860,19970310
3874,1860,19970528
3875,1860,19970531
3876,1860,19970628
3877,1860,19970816
3878,1860,19970905
3879,1860,19970924
3880,1861,19970308
3881,1862,19970308
3882,1863,19970308
3883,1863,19970924
3884,1864,19970308
3885,1865,19970308
3886,1865,19970823
3887,1866,19970308
3888,1867,19970308
3889,1868,19970308
3890,1869,19970308
3891,1870,19970308
3892,1871,19970308
3893,1872,19970308
3894,1872,19970325
3895,1873,19970308
3896,1873,19970514
3897,1874,19970308
3898,1875,19970308
3899,1876,19970308
3900,1876,19970824
3901,1877,19970308
3902,1878,19970308
3903,1878,19970314
3904,1878,19970522
3905,1879,19970308
3906,1880,19970308
3907,1881,19970308
3908,1882,19970308
3909,1882,19970527
3910,1883,19970308
3911,1884,19970309
3912,1885,19970309
3913,1886,19970309
3914,1886,19970701
3915,1887,19970309
3916,1887,19970323
3917,1887,19970411
3918,1887,19970510
3919,1887,19970514
3920,1887,19970518
3921,1887,19970525
3922,1887,19970605
3923,1887,19970607
3924,1887,19970609
3925,1887,19970619
3926,1887,19970629
3927,1887,19970809
3928,1887,19970816
3929,1887,19970819
3930,1887,19970823
3931,1888,19970309
3932,1889,19970309
3933,1889,19970701
3934,1890,19970309
3935,1891,19970309
3936,1891,19970609
3937,1891,19970731
3938,1892,19970309
3939,1893,19970309
3940,1894,19970309
3941,1894,19970322
3942,1894,19970417
3943,1894,19970814
3944,1895,19970309
3945,1896,19970309
3946,1897,19970309
3947,1898,19970309
3948,1899,19970309
3949,1899,19970602
3950,1900,19970309
3951,1901,19970309
3952,1901,19970310
3953,1901,19970311
3954,1901,19970313
3955,1901,19970315
3956,1901,19970316
3957,1901,19970318
3958,1901,19970319
3959,1901,19970320
3960,1901,19970321
3961,1901,19970322
3962,1901,19970323
3963,1901,19970324
3964,1901,19970325
3965,1901,19970326
3966,1901,19970327
3967,1901,19970328
3968,1901,19970329
3969,1901,19970330
3970,1901,19970401
3971,1901,19970402
3972,1901,19970411
3973,1902,19970309
3974,1902,19970531
3975,1902,19970730
3976,1903,19970309
3977,1904,19970309
3978,1905,19970309
3979,1906,19970309
3980,1906,19970418
3981,1906,19970528
3982,1906,19970726
3983,1907,19970309
3984,1908,19970309
3985,1909,19970309
3986,1909,19970413
3987,1909,19970518
3988,1909,19970630
3989,1910,19970309
3990,1910,19970509
3991,1910,19970731
3992,1911,19970309
3993,1911,19970324
3994,1912,19970309
3995,1913,19970309
3996,1914,19970309
3997,1914,19970312
3998,1915,19970310
3999,1915,19970708
4000,1916,19970310
4001,1916,19970402
4002,1917,19970310
4003,1918,19970310
4004,1919,19970310
4005,1919,19970902
4006,1920,19970310
4007,1920,19970331
4008,1920,19970716
4009,1921,19970310
4010,1921,19970316
4011,1921,19970405
4012,1922,19970310
4013,1922,19970415
4014,1923,19970310
4015,1924,19970310
4016,1925,19970310
4017,1925,19970413
4018,1925,19970425
4019,1925,19970514
4020,1925,19970926
4021,1926,19970310
4022,1927,19970310
4023,1928,19970310
4024,1929,19970310
4025,1929,19970324
4026,1929,19970921
4027,1930,19970310
4028,1931,19970310
4029,1932,19970310
4030,1932,19970816
4031,1933,19970310
4032,1934,19970310
4033,1934,19970722
4034,1935,19970310
4035,1935,19970527
4036,1936,19970310
4037,1937,19970310
4038,1938,19970310
4039,1939,19970310
4040,1939,19970404
4041,1939,19970920
4042,1940,19970310
4043,1941,19970310
4044,1942,19970310
4045,1943,19970310
4046,1943,19970312
4047,1943,19970729
4048,1944,19970310
4049,1945,19970311
4050,1946,19970311
4051,1946,19970328
4052,1946,19970408
4053,1947,19970311
4054,1948,19970311
4055,1949,19970311
4056,1950,19970311
4057,1950,19970625
4058,1951,19970311
4059,1952,19970311
4060,1953,19970311
4061,1953,19970321
4062,1953,19970423
4063,1953,19970425
4064,1953,19970618
4065,1953,19970704
4066,1953,19970807
4067,1954,19970311
4068,1955,19970311
4069,1955,19970321
4070,1955,19970415
4071,1955,19970507
4072,1955,19970515
4073,1955,19970519
4074,1955,19970602
4075,1955,19970617
4076,1955,19970701
4077,1955,19970711
4078,1955,19970725
4079,1955,19970821
4080,1956,19970311
4081,1957,19970311
4082,1958,19970311
4083,1958,19970407
4084,1959,19970311
4085,1959,19970322
4086,1960,19970311
4087,1961,19970311
4088,1961,19970923
4089,1962,19970311
4090,1962,19970717
4091,1963,19970311
4092,1963,19970317
4093,1963,19970526
4094,1964,19970311
4095,1964,19970904
4096,1964,19970905
4097,1965,19970311
4098,1966,19970311
4099,1966,19970314
4100,1966,19970320
4101,1966,19970321
4102,1967,19970311
4103,1968,19970311
4104,1969,19970311
4105,1970,19970311
4106,1971,19970311
4107,1972,19970311
4108,1973,19970311
4109,1974,19970311
4110,1975,19970312
4111,1975,19970513
4112,1976,19970312
4113,1977,19970312
4114,1978,19970312
4115,1979,19970312
4116,1980,19970312
4117,1980,19970324
4118,1981,19970312
4119,1981,19970313
4120,1981,19970418
4121,1981,19970515
4122,1981,19970612
4123,1981,19970620
4124,1981,19970625
4125,1981,19970704
4126,1981,19970708
4127,1981,19970716
4128,1981,19970721
4129,1981,19970729
4130,1981,19970805
4131,1981,19970820
4132,1981,19970905
4133,1981,19970916
4134,1981,19970919
4135,1981,19970927
4136,1982,19970312
4137,1982,19970528
4138,1982,19970825
4139,1983,19970312
4140,1983,19970505
4141,1983,19970603
4142,1984,19970312
4143,1985,19970312
4144,1985,19970320
4145,1985,19970402
4146,1986,19970312
4147,1987,19970312
4148,1987,19970621
4149,1987,19970808
4150,1988,19970312
4151,1989,19970312
4152,1990,19970312
4153,1991,19970312
4154,1992,19970312
4155,1992,19970707
4156,1993,19970312
4157,1994,19970312
4158,1995,19970312
4159,1996,19970312
4160,1997,19970312
4161,1998,19970312
4162,1999,19970312
4163,2000,19970312
4164,2001,19970313
4165,2002,19970313
4166,2003,19970313
4167,2004,19970313
4168,2005,19970313
4169,2005,19970322
4170,2005,19970611
4171,2005,19970702
4172,2006,19970313
4173,2007,19970313
4174,2007,19970819
4175,2008,19970313
4176,2009,19970313
4177,2010,19970313
4178,2010,19970627
4179,2011,19970313
4180,2012,19970313
4181,2012,19970420
4182,2012,19970511
4183,2013,19970313
4184,2014,19970313
4185,2015,19970313
4186,2016,19970313
4187,2017,19970313
4188,2017,19970630
4189,2018,19970313
4190,2019,19970313
4191,2020,19970313
4192,2021,19970313
4193,2022,19970313
4194,2022,19970612
4195,2023,19970313
4196,2024,19970313
4197,2024,19970314
4198,2024,19970404
4199,2024,19970412
4200,2024,19970511
4201,2024,19970617
4202,2024,19970706
4203,2024,19970830
4204,2025,19970313
4205,2026,19970313
4206,2027,19970313
4207,2027,19970513
4208,2028,19970313
4209,2029,19970314
4210,2030,19970314
4211,2030,19970402
4212,2030,19970520
4213,2030,19970628
4214,2031,19970314
4215,2032,19970314
4216,2033,19970314
4217,2033,19970707
4218,2033,19970907
4219,2034,19970314
4220,2034,19970320
4221,2034,19970331
4222,2034,19970710
4223,2034,19970813
4224,2035,19970314
4225,2036,19970314
4226,2036,19970330
4227,2037,19970314
4228,2038,19970314
4229,2039,19970314
4230,2040,19970314
4231,2041,19970314
4232,2041,19970317
4233,2041,19970520
4234,2042,19970314
4235,2042,19970329
4236,2043,19970314
4237,2044,19970314
4238,2044,19970801
4239,2044,19970821
4240,2044,19970903
4241,2044,19970906
4242,2045,19970314
4243,2045,19970401
4244,2045,19970423
4245,2046,19970314
4246,2047,19970314
4247,2048,19970314
4248,2048,19970626
4249,2049,19970314
4250,2049,19970530
4251,2049,19970625
4252,2049,19970627
4253,2050,19970314
4254,2051,19970314
4255,2052,19970314
4256,2052,19970530
4257,2053,19970314
4258,2054,19970314
4259,2055,19970314
4260,2055,19970614
4261,2056,19970314
4262,2057,19970314
4263,2057,19970512
4264,2058,19970314
4265,2058,19970908
4266,2059,19970314
4267,2060,19970314
4268,2061,19970315
4269,2062,19970315
4270,2063,19970315
4271,2064,19970315
4272,2065,19970315
4273,2066,19970315
4274,2067,19970315
4275,2068,19970315
4276,2068,19970624
4277,2068,19970925
4278,2069,19970315
4279,2069,19970319
4280,2069,19970511
4281,2069,19970925
4282,2070,19970315
4283,2071,19970315
4284,2071,19970620
4285,2072,19970315
4286,2073,19970315
4287,2073,19970413
4288,2074,19970315
4289,2074,19970810
4290,2075,19970315
4291,2075,19970414
4292,2075,19970416
4293,2075,19970505
4294,2076,19970315
4295,2076,19970804
4296,2076,19970904
4297,2076,19970925
4298,2077,19970315
4299,2078,19970315
4300,2079,19970315
4301,2080,19970315
4302,2081,19970315
4303,2081,19970325
4304,2082,19970315
4305,2083,19970315
4306,2083,19970405
4307,2083,19970513
4308,2084,19970315
4309,2085,19970315
4310,2085,19970321
4311,2086,19970316
4312,2087,19970316
4313,2088,19970316
4314,2089,19970316
4315,2089,19970930
4316,2090,19970316
4317,2090,19970325
4318,2091,19970316
4319,2092,19970316
4320,2092,19970401
4321,2092,19970423
4322,2093,19970316
4323,2094,19970316
4324,2094,19970720
4325,2094,19970818
4326,2095,19970316
4327,2096,19970316
4328,2096,19970708
4329,2096,19970719
4330,2096,19970914
4331,2097,19970316
4332,2098,19970316
4333,2098,19970322
4334,2098,19970412
4335,2098,19970504
4336,2098,19970602
4337,2099,19970316
4338,2100,19970316
4339,2100,19970601
4340,2101,19970316
4341,2101,19970508
4342,2102,19970316
4343,2103,19970316
4344,2104,19970316
4345,2104,19970726
4346,2105,19970316
4347,2106,19970316
4348,2106,19970427
4349,2106,19970503
4350,2106,19970811
4351,2107,19970316
4352,2108,19970316
4353,2109,19970316
4354,2110,19970316
4355,2110,19970617
4356,2111,19970316
4357,2111,19970327
4358,2112,19970316
4359,2113,19970316
4360,2114,19970316
4361,2115,19970316
4362,2116,19970316
4363,2117,19970316
4364,2117,19970727
4365,2118,19970316
4366,2119,19970316
4367,2119,19970415
4368,2120,19970317
4369,2121,19970317
4370,2121,19970328
4371,2121,19970702
4372,2121,19970927
4373,2122,19970317
4374,2123,19970317
4375,2123,19970320
4376,2123,19970324
4377,2123,19970410
4378,2123,19970427
4379,2123,19970527
4380,2123,19970612
4381,2124,19970317
4382,2125,19970317
4383,2126,19970317
4384,2127,19970317
4385,2128,19970317
4386,2128,19970409
4387,2128,19970417
4388,2128,19970904
4389,2129,19970317
4390,2130,19970317
4391,2131,19970317
4392,2132,19970317
4393,2132,19970724
4394,2132,19970908
4395,2133,19970317
4396,2133,19970323
4397,2133,19970327
4398,2133,19970407
4399,2133,19970422
4400,2133,19970523
4401,2134,19970317
4402,2135,19970317
4403,2135,19970411
4404,2136,19970317
4405,2137,19970317
4406,2138,19970317
4407,2138,19970406
4408,2139,19970317
4409,2140,19970317
4410,2140,19970506
4411,2141,19970317
4412,2142,19970317
4413,2143,19970317
4414,2143,19970709
4415,2143,19970714
4416,2144,19970317
4417,2145,19970317
4418,2145,19970424
4419,2146,19970317
4420,2146,19970330
4421,2146,19970905
4422,2147,19970317
4423,2148,19970318
4424,2149,19970318
4425,2149,19970717
4426,2149,19970718
4427,2149,19970728
4428,2149,19970812
4429,2149,19970905
4430,2149,19970918
4431,2149,19970922
4432,2150,19970318
4433,2151,19970318
4434,2152,19970318
4435,2152,19970413
4436,2152,19970626
4437,2153,19970318
4438,2154,19970318
4439,2154,19970817
4440,2154,19970818
4441,2155,19970318
4442,2155,19970401
4443,2155,19970407
4444,2156,19970318
4445,2157,19970318
4446,2158,19970318
4447,2159,19970318
4448,2160,19970318
4449,2161,19970318
4450,2161,19970401
4451,2161,19970516
4452,2162,19970318
4453,2163,19970318
4454,2163,19970323
4455,2163,19970331
4456,2163,19970406
4457,2163,19970504
4458,2163,19970622
4459,2163,19970726
4460,2163,19970816
4461,2163,19970927
4462,2164,19970318
4463,2165,19970318
4464,2166,19970318
4465,2166,19970324
4466,2166,19970502
4467,2166,19970709
4468,2166,19970715
4469,2166,19970725
4470,2167,19970318
4471,2168,19970318
4472,2168,19970516
4473,2169,19970318
4474,2170,19970318
4475,2170,19970328
4476,2171,19970318
4477,2172,19970318
4478,2172,19970412
4479,2173,19970318
4480,2174,19970318
4481,2175,19970318
4482,2175,19970605
4483,2176,19970318
4484,2177,19970318
4485,2177,19970324
4486,2177,19970418
4487,2177,19970513
4488,2178,19970318
4489,2179,19970319
4490,2179,19970322
4491,2179,19970810
4492,2180,19970319
4493,2181,19970319
4494,2182,19970319
4495,2183,19970319
4496,2183,19970322
4497,2183,19970615
4498,2184,19970319
4499,2184,19970803
4500,2185,19970319
4501,2186,19970319
4502,2187,19970319
4503,2188,19970319
4504,2189,19970319
4505,2189,19970320
4506,2190,19970319
4507,2191,19970319
4508,2191,19970402
4509,2191,19970915
4510,2192,19970319
4511,2193,19970319
4512,2194,19970319
4513,2195,19970319
4514,2196,19970319
4515,2196,19970611
4516,2196,19970901
4517,2197,19970319
4518,2198,19970319
4519,2199,19970319
4520,2199,19970510
4521,2200,19970319
4522,2201,19970319
4523,2201,19970831
4524,2202,19970319
4525,2202,19970727
4526,2202,19970906
4527,2203,19970319
4528,2204,19970319
4529,2205,19970319
4530,2205,19970331
4531,2206,19970319
4532,2207,19970320
4533,2207,19970429
4534,2207,19970512
4535,2208,19970320
4536,2209,19970320
4537,2210,19970320
4538,2210,19970608
4539,2210,19970821
4540,2210,19970916
4541,2211,19970320
4542,2212,19970320
4543,2213,19970320
4544,2214,19970320
4545,2214,19970818
4546,2215,19970320
4547,2216,19970320
4548,2217,19970320
4549,2218,19970320
4550,2218,19970626
4551,2219,19970320
4552,2220,19970320
4553,2220,19970325
4554,2220,19970404
4555,2220,19970411
4556,2220,19970414
4557,2220,19970423
4558,2220,19970426
4559,2220,19970607
4560,2220,19970906
4561,2220,19970913
4562,2221,19970320
4563,2221,19970522
4564,2221,19970618
4565,2221,19970808
4566,2222,19970320
4567,2223,19970320
4568,2224,19970320
4569,2225,19970320
4570,2226,19970320
4571,2227,19970320
4572,2228,19970321
4573,2228,19970613
4574,2228,19970806
4575,2228,19970807
4576,2229,19970321
4577,2230,19970321
4578,2231,19970321
4579,2231,19970728
4580,2231,19970922
4581,2232,19970321
4582,2233,19970321
4583,2233,19970928
4584,2234,19970321
4585,2234,19970818
4586,2235,19970321
4587,2235,19970514
4588,2236,19970321
4589,2237,19970321
4590,2238,19970321
4591,2239,19970321
4592,2239,19970331
4593,2239,19970505
4594,2240,19970321
4595,2240,19970404
4596,2240,19970409
4597,2240,19970513
4598,2240,19970530
4599,2240,19970601
4600,2240,19970930
4601,2241,19970321
4602,2242,19970321
4603,2243,19970321
4604,2244,19970321
4605,2245,19970321
4606,2246,19970321
4607,2247,19970322
4608,2248,19970322
4609,2249,19970322
4610,2250,19970322
4611,2250,19970529
4612,2251,19970322
4613,2252,19970322
4614,2252,19970520
4615,2253,19970322
4616,2254,19970322
4617,2254,19970417
4618,2255,19970322
4619,2256,19970322
4620,2257,19970322
4621,2258,19970322
4622,2259,19970322
4623,2260,19970322
4624,2260,19970524
4625,2261,19970322
4626,2261,19970503
4627,2261,19970612
4628,2261,19970621
4629,2261,19970830
4630,2262,19970322
4631,2263,19970322
4632,2264,19970322
4633,2264,19970812
4634,2264,19970927
4635,2265,19970322
4636,2266,19970322
4637,2267,19970322
4638,2268,19970322
4639,2269,19970322
4640,2270,19970322
4641,2270,19970714
4642,2271,19970323
4643,2272,19970323
4644,2273,19970323
4645,2274,19970323
4646,2274,19970426
4647,2275,19970323
4648,2276,19970323
4649,2277,19970323
4650,2278,19970323
4651,2278,19970825
4652,2279,19970323
4653,2280,19970323
4654,2280,19970615
4655,2280,19970815
4656,2281,19970323
4657,2282,19970323
4658,2282,19970328
4659,2283,19970323
4660,2284,19970323
4661,2285,19970323
4662,2285,19970330
4663,2285,19970404
4664,2285,19970420
4665,2285,19970503
4666,2285,19970521
4667,2285,19970624
4668,2286,19970323
4669,2287,19970323
4670,2288,19970323
4671,2289,19970323
4672,2290,19970323
4673,2290,19970712
4674,2291,19970323
4675,2292,19970323
4676,2293,19970323
4677,2293,19970406
4678,2293,19970709
4679,2294,19970323
4680,2294,19970418
4681,2294,19970430
4682,2294,19970520
4683,2294,19970619
4684,2294,19970708
4685,2294,19970818
4686,2295,19970324
4687,2296,19970324
4688,2296,19970617
4689,2297,19970324
4690,2298,19970324
4691,2299,19970324
4692,2300,19970324
4693,2301,19970324
4694,2301,19970616
4695,2301,19970804
4696,2302,19970324
4697,2303,19970324
4698,2303,19970403
4699,2303,19970412
4700,2303,19970523
4701,2303,19970620
4702,2303,19970803
4703,2303,19970818
4704,2303,19970904
4705,2304,19970324
4706,2305,19970324
4707,2305,19970911
4708,2306,19970324
4709,2306,19970430
4710,2306,19970521
4711,2307,19970324
4712,2307,19970506
4713,2308,19970324
4714,2308,19970404
4715,2309,19970324
4716,2309,19970327
4717,2310,19970324
4718,2311,19970324
4719,2312,19970324
4720,2312,19970921
4721,2313,19970324
4722,2313,19970422
4723,2313,19970520
4724,2313,19970601
4725,2313,19970602
4726,2313,19970728
4727,2314,19970324
4728,2315,19970324
4729,2315,19970518
4730,2316,19970324
4731,2317,19970324
4732,2318,19970324
4733,2318,19970426
4734,2318,19970625
4735,2319,19970324
4736,2320,19970324
4737,2321,19970324
4738,2322,19970324
4739,2323,19970324
4740,2324,19970324
4741,2325,19970324
4742,2325,19970411
4743,2326,19970324
4744,2327,19970324
4745,2328,19970325
4746,2328,19970822
4747,2329,19970325
4748,2330,19970325
4749,2330,19970629
4750,2331,19970325
4751,2332,19970325
4752,2332,19970422
4753,2332,19970516
4754,2332,19970526
4755,2332,19970610
4756,2332,19970624
4757,2333,19970325
4758,2333,19970815
4759,2334,19970325
4760,2335,19970325
4761,2335,19970412
4762,2336,19970325
4763,2336,19970401
4764,2336,19970512
4765,2337,19970325
4766,2338,19970325
4767,2339,19970325
4768,2339,19970615
4769,2340,19970325
4770,2340,19970508
4771,2340,19970726
4772,2341,19970325
4773,2342,19970325
4774,2342,19970508
4775,2343,19970325
4776,2344,19970325
4777,2344,19970512
4778,2344,19970617
4779,2345,19970325
4780,2346,19970325
4781,2346,19970517
4782,2347,19970325
4783,2347,19970404
4784,2347,19970602
4785,2348,19970325
4786,2348,19970507
4787,2348,19970509
4788,2348,19970529
4789,2348,19970625
4790,2348,19970705
4791,2348,19970719
4792,2348,19970910
4793,2349,19970325
4794,2349,19970529
4795,2350,19970325
4796,2350,19970812
4797,2350,19970825
4798,2351,19970325
4799,2352,19970325
4800,2353,19970325
4801,2354,19970325
4802,2354,19970619
4803,2354,19970808
4804,2354,19970815
4805,2354,19970904
4806,2354,19970911
4807,2355,19970325
4808,2356,19970325
4809,2356,19970610
4810,2356,19970719
4811,2356,19970726
4812,2356,19970927
4813,2357,19970325
