,Customer ID,x,tx,T
0,1,2,30.43,38.86
1,2,1,1.71,38.86
2,3,0,0.0,38.86
3,4,0,0.0,38.86
4,5,0,0.0,38.86
5,6,7,29.43,38.86
6,7,1,5.0,38.86
7,8,0,0.0,38.86
8,9,2,35.71,38.86
9,10,0,0.0,38.86
10,11,5,24.43,38.86
11,12,0,0.0,38.86
12,13,0,0.0,38.86
13,14,0,0.0,38.86
14,15,0,0.0,38.86
15,16,0,0.0,38.86
16,17,10,34.14,38.86
17,18,1,4.86,38.86
18,19,3,28.29,38.71
19,20,0,0.0,38.71
20,21,2,14.57,38.71
21,22,0,0.0,38.71
22,23,0,0.0,38.71
23,24,0,0.0,38.71
24,25,0,0.0,38.71
25,26,1,1.57,38.71
26,27,0,0.0,38.71
27,28,1,29.43,38.71
28,29,0,0.0,38.71
29,30,1,5.86,38.71
30,31,0,0.0,38.71
31,32,0,0.0,38.71
32,33,0,0.0,38.71
33,34,0,0.0,38.71
34,35,1,27.14,38.71
35,36,0,0.0,38.71
36,37,0,0.0,38.71
37,38,1,2.14,38.71
38,39,0,0.0,38.71
39,40,0,0.0,38.71
40,41,0,0.0,38.57
41,42,0,0.0,38.57
42,43,0,0.0,38.57
43,44,0,0.0,38.57
44,45,1,24.43,38.57
45,46,12,34.43,38.57
46,47,0,0.0,38.57
47,48,0,0.0,38.57
48,49,1,1.57,38.57
49,50,0,0.0,38.57
50,51,0,0.0,38.57
51,52,0,0.0,38.57
52,53,0,0.0,38.57
53,54,0,0.0,38.57
54,55,0,0.0,38.57
55,56,2,33.14,38.57
56,57,1,4.29,38.57
57,58,0,0.0,38.43
58,59,1,38.43,38.43
59,60,0,0.0,38.43
60,61,4,29.43,38.43
61,62,0,0.0,38.43
62,63,1,16.14,38.43
63,64,0,0.0,38.43
64,65,0,0.0,38.43
65,66,0,0.0,38.43
66,67,2,21.14,38.43
67,68,0,0.0,38.43
68,69,0,0.0,38.43
69,70,3,29.29,38.43
70,71,0,0.0,38.43
71,72,0,0.0,38.43
72,73,1,5.86,38.43
73,74,0,0.0,38.43
74,75,1,5.14,38.43
75,76,0,0.0,38.43
76,77,0,0.0,38.43
77,78,0,0.0,38.29
78,79,3,16.86,38.29
79,80,0,0.0,38.29
80,81,0,0.0,38.29
81,82,1,7.43,38.29
82,83,0,0.0,38.29
83,84,0,0.0,38.29
84,85,0,0.0,38.29
85,86,7,26.43,38.29
86,87,0,0.0,38.29
87,88,10,35.43,38.29
88,89,0,0.0,38.29
89,90,0,0.0,38.29
90,91,1,33.29,38.29
91,92,6,37.43,38.29
92,93,0,0.0,38.29
93,94,0,0.0,38.29
94,95,0,0.0,38.29
95,96,0,0.0,38.29
96,97,0,0.0,38.29
97,98,2,31.86,38.29
98,99,4,37.57,38.29
99,100,1,23.86,38.29
100,101,5,36.14,38.14
101,102,0,0.0,38.14
102,103,0,0.0,38.14
103,104,0,0.0,38.14
104,105,1,24.14,38.14
105,106,1,6.14,38.14
106,107,0,0.0,38.14
107,108,0,0.0,38.14
108,109,1,0.29,38.14
109,110,0,0.0,38.14
110,111,1,0.29,38.14
111,112,0,0.0,38.14
112,113,0,0.0,38.14
113,114,1,24.14,38.14
114,115,0,0.0,38.14
115,116,1,5.29,38.14
116,117,0,0.0,38.14
117,118,0,0.0,38.14
118,119,0,0.0,38.14
119,120,0,0.0,38.14
120,121,1,3.0,38.14
121,122,0,0.0,38.14
122,123,0,0.0,38.14
123,124,0,0.0,38.14
124,125,1,7.14,38.14
125,126,0,0.0,38.0
126,127,0,0.0,38.0
127,128,0,0.0,38.0
128,129,4,7.57,38.0
129,130,3,26.0,38.0
130,131,0,0.0,38.0
131,132,1,24.0,38.0
132,133,2,28.43,38.0
133,134,0,0.0,38.0
134,135,1,23.43,38.0
135,136,2,7.43,38.0
136,137,0,0.0,38.0
137,138,2,16.86,38.0
138,139,1,2.14,38.0
139,140,1,15.71,38.0
140,141,0,0.0,38.0
141,142,5,6.86,38.0
142,143,2,28.57,38.0
143,144,7,34.14,38.0
144,145,2,35.71,38.0
145,146,0,0.0,38.0
146,147,4,29.29,38.0
147,148,13,37.86,38.0
148,149,0,0.0,38.0
149,150,4,33.0,38.0
150,151,4,35.29,38.0
151,152,0,0.0,38.0
152,153,0,0.0,38.0
153,154,1,2.86,38.0
154,155,0,0.0,38.0
155,156,1,6.43,38.0
156,157,29,37.71,38.0
157,158,0,0.0,37.86
158,159,3,24.71,37.86
159,160,0,0.0,37.86
160,161,0,0.0,37.86
161,162,1,2.0,37.86
162,163,0,0.0,37.86
163,164,10,37.0,37.86
164,165,0,0.0,37.86
165,166,0,0.0,37.86
166,167,13,28.14,37.86
167,168,0,0.0,37.86
168,169,0,0.0,37.86
169,170,1,37.43,37.86
170,171,0,0.0,37.86
171,172,0,0.0,37.86
172,173,0,0.0,37.86
173,174,0,0.0,37.86
174,175,0,0.0,37.86
175,176,0,0.0,37.71
176,177,0,0.0,37.71
177,178,6,32.86,37.71
178,179,8,36.14,37.71
179,180,0,0.0,37.71
180,181,0,0.0,37.71
181,182,0,0.0,37.71
182,183,1,5.0,37.71
183,184,0,0.0,37.71
184,185,4,36.14,37.71
185,186,0,0.0,37.71
186,187,2,7.86,37.71
187,188,3,21.14,37.71
188,189,3,6.0,37.71
189,190,0,0.0,37.71
190,191,0,0.0,37.71
191,192,0,0.0,37.71
192,193,0,0.0,37.71
193,194,0,0.0,37.71
194,195,6,27.0,37.71
195,196,0,0.0,37.71
196,197,1,1.57,37.71
197,198,0,0.0,37.71
198,199,0,0.0,37.71
199,200,2,14.29,37.57
200,201,0,0.0,37.57
201,202,2,7.0,37.57
202,203,2,31.0,37.57
203,204,0,0.0,37.57
204,205,0,0.0,37.57
205,206,1,18.0,37.57
206,207,0,0.0,37.57
207,208,1,0.29,37.57
208,209,0,0.0,37.57
209,210,0,0.0,37.57
210,211,7,17.86,37.57
211,212,0,0.0,37.57
212,213,0,0.0,37.57
213,214,0,0.0,37.57
214,215,2,29.0,37.57
215,216,0,0.0,37.57
216,217,4,24.29,37.57
217,218,0,0.0,37.43
218,219,1,14.86,37.43
219,220,1,27.43,37.43
220,221,0,0.0,37.43
221,222,0,0.0,37.43
222,223,0,0.0,37.43
223,224,0,0.0,37.43
224,225,0,0.0,37.43
225,226,2,11.43,37.43
226,227,0,0.0,37.43
227,228,1,2.0,37.43
228,229,1,1.86,37.43
229,230,2,33.0,37.43
230,231,0,0.0,37.43
231,232,3,36.57,37.43
232,233,0,0.0,37.43
233,234,0,0.0,37.43
234,235,0,0.0,37.43
235,236,0,0.0,37.43
236,237,0,0.0,37.43
237,238,0,0.0,37.43
238,239,0,0.0,37.43
239,240,0,0.0,37.43
240,241,0,0.0,37.43
241,242,4,31.43,37.43
242,243,1,8.29,37.29
243,244,5,5.14,37.29
244,245,0,0.0,37.29
245,246,0,0.0,37.29
246,247,2,24.0,37.29
247,248,0,0.0,37.29
248,249,1,1.86,37.29
249,250,2,20.43,37.29
250,251,0,0.0,37.29
251,252,0,0.0,37.29
252,253,1,32.0,37.29
253,254,0,0.0,37.29
254,255,1,0.43,37.29
255,256,0,0.0,37.29
256,257,5,16.14,37.29
257,258,0,0.0,37.29
258,259,0,0.0,37.29
259,260,1,5.86,37.29
260,261,2,28.57,37.29
261,262,0,0.0,37.29
262,263,1,36.86,37.29
263,264,0,0.0,37.29
264,265,0,0.0,37.29
265,266,1,0.14,37.29
266,267,2,35.57,37.29
267,268,1,5.71,37.29
268,269,0,0.0,37.14
269,270,1,2.0,37.14
270,271,0,0.0,37.14
271,272,1,3.86,37.14
272,273,0,0.0,37.14
273,274,3,24.29,37.14
274,275,1,34.0,37.14
275,276,13,30.71,37.14
276,277,0,0.0,37.14
277,278,0,0.0,37.14
278,279,0,0.0,37.14
279,280,0,0.0,37.14
280,281,0,0.0,37.14
281,282,3,19.43,37.14
282,283,3,32.86,37.14
283,284,1,3.0,37.14
284,285,0,0.0,37.14
285,286,0,0.0,37.14
286,287,3,31.57,37.14
287,288,0,0.0,37.14
288,289,5,36.43,37.14
289,290,0,0.0,37.14
290,291,2,35.43,37.14
291,292,1,0.43,37.14
292,293,0,0.0,37.14
293,294,1,0.71,37.14
294,295,0,0.0,37.14
295,296,0,0.0,37.14
296,297,1,15.29,37.0
297,298,1,1.14,37.0
298,299,0,0.0,37.0
299,300,0,0.0,37.0
300,301,0,0.0,37.0
301,302,3,34.43,37.0
302,303,1,36.29,37.0
303,304,1,17.86,37.0
304,305,0,0.0,37.0
305,306,1,3.43,37.0
306,307,0,0.0,37.0
307,308,0,0.0,37.0
308,309,0,0.0,37.0
309,310,4,4.29,37.0
310,311,0,0.0,37.0
311,312,2,34.57,37.0
312,313,0,0.0,37.0
313,314,3,27.71,37.0
314,315,0,0.0,37.0
315,316,0,0.0,37.0
316,317,1,19.86,37.0
317,318,0,0.0,37.0
318,319,1,16.57,37.0
319,320,0,0.0,37.0
320,321,2,32.0,37.0
321,322,0,0.0,36.86
322,323,1,8.86,36.86
323,324,3,2.71,36.86
324,325,25,27.29,36.86
325,326,0,0.0,36.86
326,327,0,0.0,36.86
327,328,0,0.0,36.86
328,329,0,0.0,36.86
329,330,5,22.57,36.86
330,331,0,0.0,36.86
331,332,2,14.14,36.86
332,333,0,0.0,36.86
333,334,0,0.0,36.86
334,335,0,0.0,36.86
335,336,5,36.0,36.86
336,337,0,0.0,36.86
337,338,0,0.0,36.86
338,339,1,22.43,36.86
339,340,0,0.0,36.86
340,341,0,0.0,36.86
341,342,0,0.0,36.86
342,343,0,0.0,36.86
343,344,2,22.57,36.71
344,345,0,0.0,36.71
345,346,0,0.0,36.71
346,347,0,0.0,36.71
347,348,1,22.57,36.71
348,349,0,0.0,36.71
349,350,2,22.57,36.71
350,351,1,9.57,36.71
351,352,0,0.0,36.71
352,353,0,0.0,36.71
353,354,0,0.0,36.71
354,355,0,0.0,36.71
355,356,0,0.0,36.71
356,357,1,2.57,36.71
357,358,2,23.71,36.71
358,359,0,0.0,36.71
359,360,0,0.0,36.71
360,361,0,0.0,36.71
361,362,0,0.0,36.71
362,363,2,10.57,36.71
363,364,4,28.71,36.71
364,365,0,0.0,36.71
365,366,0,0.0,36.57
366,367,1,11.71,36.57
367,368,3,17.43,36.57
368,369,0,0.0,36.57
369,370,1,14.14,36.57
370,371,0,0.0,36.57
371,372,0,0.0,36.57
372,373,0,0.0,36.57
373,374,0,0.0,36.57
374,375,0,0.0,36.57
375,376,1,5.71,36.57
376,377,1,10.43,36.57
377,378,1,22.0,36.57
378,379,0,0.0,36.57
379,380,0,0.0,36.57
380,381,0,0.0,36.57
381,382,11,36.43,36.57
382,383,0,0.0,36.57
383,384,0,0.0,36.57
384,385,4,31.14,36.57
385,386,0,0.0,36.57
386,387,0,0.0,36.57
387,388,1,15.29,36.43
388,389,2,10.14,36.43
389,390,0,0.0,36.43
390,391,0,0.0,36.43
391,392,0,0.0,36.43
392,393,0,0.0,36.43
393,394,1,25.86,36.43
394,395,1,4.43,36.43
395,396,0,0.0,36.43
396,397,3,21.29,36.43
397,398,1,8.0,36.43
398,399,0,0.0,36.43
399,400,0,0.0,36.43
400,401,2,21.86,36.43
401,402,0,0.0,36.43
402,403,8,31.14,36.43
403,404,1,6.14,36.43
404,405,0,0.0,36.43
405,406,2,15.86,36.43
406,407,1,31.86,36.43
407,408,0,0.0,36.43
408,409,0,0.0,36.43
409,410,1,21.71,36.43
410,411,0,0.0,36.43
411,412,2,3.43,36.43
412,413,0,0.0,36.43
413,414,0,0.0,36.43
414,415,3,20.86,36.29
415,416,0,0.0,36.29
416,417,0,0.0,36.29
417,418,0,0.0,36.29
418,419,0,0.0,36.29
419,420,0,0.0,36.29
420,421,0,0.0,36.29
421,422,2,12.43,36.29
422,423,2,19.71,36.29
423,424,0,0.0,36.29
424,425,0,0.0,36.29
425,426,0,0.0,36.29
426,427,1,4.43,36.29
427,428,2,30.0,36.29
428,429,0,0.0,36.29
429,430,0,0.0,36.29
430,431,0,0.0,36.29
431,432,0,0.0,36.29
432,433,0,0.0,36.29
433,434,1,8.43,36.29
434,435,0,0.0,36.29
435,436,0,0.0,36.29
436,437,0,0.0,36.29
437,438,0,0.0,36.29
438,439,1,18.14,36.29
439,440,2,26.14,36.29
440,441,4,26.71,36.29
441,442,0,0.0,36.29
442,443,0,0.0,36.29
443,444,2,3.14,36.14
444,445,0,0.0,36.14
445,446,6,27.14,36.14
446,447,0,0.0,36.14
447,448,1,2.14,36.14
448,449,0,0.0,36.14
449,450,1,7.86,36.14
450,451,1,8.86,36.14
451,452,1,17.0,36.14
452,453,2,11.0,36.14
453,454,1,27.14,36.14
454,455,0,0.0,36.14
455,456,7,28.29,36.14
456,457,4,15.14,36.14
457,458,0,0.0,36.14
458,459,0,0.0,36.14
459,460,0,0.0,36.14
460,461,7,25.43,36.14
461,462,0,0.0,36.14
462,463,1,8.57,36.14
463,464,1,17.0,36.14
464,465,0,0.0,36.14
465,466,2,23.0,36.14
466,467,1,31.57,36.14
467,468,0,0.0,36.14
468,469,4,30.43,36.14
469,470,0,0.0,36.14
470,471,1,2.43,36.14
471,472,0,0.0,36.14
472,473,0,0.0,36.14
473,474,2,33.71,36.14
474,475,0,0.0,36.14
475,476,0,0.0,36.14
476,477,4,36.0,36.14
477,478,0,0.0,36.14
478,479,0,0.0,36.0
479,480,2,21.29,36.0
480,481,1,21.57,36.0
481,482,0,0.0,36.0
482,483,1,8.57,36.0
483,484,0,0.0,36.0
484,485,11,33.14,36.0
485,486,0,0.0,36.0
486,487,4,9.0,36.0
487,488,0,0.0,36.0
488,489,0,0.0,36.0
489,490,0,0.0,36.0
490,491,4,17.43,36.0
491,492,0,0.0,36.0
492,493,3,30.43,36.0
493,494,0,0.0,36.0
494,495,1,36.0,36.0
495,496,1,2.14,36.0
496,497,0,0.0,36.0
497,498,0,0.0,36.0
498,499,6,26.57,36.0
499,500,3,5.57,36.0
500,501,0,0.0,36.0
501,502,0,0.0,36.0
502,503,0,0.0,36.0
503,504,0,0.0,35.86
504,505,2,14.29,35.86
505,506,0,0.0,35.86
506,507,2,31.0,35.86
507,508,0,0.0,35.86
508,509,18,35.14,35.86
509,510,0,0.0,35.86
510,511,1,5.29,35.86
511,512,0,0.0,35.86
512,513,1,7.86,35.86
513,514,0,0.0,35.86
514,515,0,0.0,35.86
515,516,0,0.0,35.86
516,517,5,29.57,35.86
517,518,0,0.0,35.86
518,519,1,35.86,35.86
519,520,0,0.0,35.86
520,521,6,34.86,35.86
521,522,0,0.0,35.86
522,523,2,11.14,35.86
523,524,0,0.0,35.86
524,525,0,0.0,35.86
525,526,2,22.71,35.86
526,527,0,0.0,35.86
527,528,1,29.86,35.86
528,529,1,20.86,35.71
529,530,0,0.0,35.71
530,531,0,0.0,35.71
531,532,1,12.86,35.71
532,533,0,0.0,35.71
533,534,1,4.57,35.71
534,535,2,29.43,35.71
535,536,0,0.0,35.71
536,537,0,0.0,35.71
537,538,0,0.0,35.71
538,539,1,0.14,35.71
539,540,0,0.0,35.71
540,541,2,31.71,35.71
541,542,0,0.0,35.71
542,543,2,22.43,35.71
543,544,0,0.0,35.71
544,545,0,0.0,35.71
545,546,0,0.0,35.71
546,547,0,0.0,35.71
547,548,1,22.0,35.71
548,549,10,33.57,35.71
549,550,0,0.0,35.71
550,551,1,6.71,35.71
551,552,3,3.43,35.71
552,553,3,23.71,35.71
553,554,0,0.0,35.71
554,555,2,32.43,35.71
555,556,0,0.0,35.71
556,557,0,0.0,35.71
557,558,12,23.86,35.57
558,559,0,0.0,35.57
559,560,1,7.57,35.57
560,561,2,29.0,35.57
561,562,2,34.43,35.57
562,563,0,0.0,35.57
563,564,0,0.0,35.57
564,565,0,0.0,35.57
565,566,0,0.0,35.57
566,567,5,33.43,35.57
567,568,0,0.0,35.57
568,569,0,0.0,35.57
569,570,2,24.86,35.57
570,571,0,0.0,35.57
571,572,5,8.71,35.57
572,573,0,0.0,35.57
573,574,1,26.71,35.57
574,575,1,5.43,35.57
575,576,0,0.0,35.57
576,577,1,7.29,35.57
577,578,0,0.0,35.57
578,579,0,0.0,35.57
579,580,0,0.0,35.57
580,581,0,0.0,35.57
581,582,0,0.0,35.57
582,583,0,0.0,35.57
583,584,1,35.43,35.43
584,585,2,21.57,35.43
585,586,0,0.0,35.43
586,587,0,0.0,35.43
587,588,0,0.0,35.43
588,589,0,0.0,35.43
589,590,0,0.0,35.43
590,591,0,0.0,35.43
591,592,1,29.0,35.43
592,593,7,17.14,35.43
593,594,0,0.0,35.43
594,595,0,0.0,35.43
595,596,2,32.71,35.43
596,597,0,0.0,35.43
597,598,0,0.0,35.43
598,599,2,25.86,35.43
599,600,0,0.0,35.43
600,601,4,21.43,35.43
601,602,0,0.0,35.43
602,603,0,0.0,35.43
603,604,3,30.0,35.43
604,605,0,0.0,35.43
605,606,1,31.29,35.43
606,607,0,0.0,35.43
607,608,2,13.57,35.43
608,609,2,22.0,35.43
609,610,0,0.0,35.43
610,611,1,10.29,35.29
611,612,1,20.86,35.29
612,613,2,33.57,35.29
613,614,0,0.0,35.29
614,615,0,0.0,35.29
615,616,0,0.0,35.29
616,617,0,0.0,35.29
617,618,2,3.86,35.29
618,619,0,0.0,35.29
619,620,0,0.0,35.29
620,621,1,7.86,35.29
621,622,0,0.0,35.29
622,623,1,23.86,35.29
623,624,0,0.0,35.29
624,625,3,11.14,35.29
625,626,0,0.0,35.29
626,627,0,0.0,35.29
627,628,0,0.0,35.29
628,629,0,0.0,35.29
629,630,1,34.29,35.29
630,631,0,0.0,35.29
631,632,0,0.0,35.29
632,633,1,2.71,35.29
633,634,0,0.0,35.29
634,635,0,0.0,35.29
635,636,0,0.0,35.29
636,637,0,0.0,35.14
637,638,0,0.0,35.14
638,639,0,0.0,35.14
639,640,0,0.0,35.14
640,641,3,26.71,35.14
641,642,0,0.0,35.14
642,643,4,28.43,35.14
643,644,0,0.0,35.14
644,645,0,0.0,35.14
645,646,0,0.0,35.14
646,647,0,0.0,35.14
647,648,2,11.57,35.14
648,649,1,8.57,35.14
649,650,1,6.43,35.14
650,651,0,0.0,35.14
651,652,0,0.0,35.14
652,653,0,0.0,35.14
653,654,0,0.0,35.14
654,655,5,31.14,35.14
655,656,1,5.86,35.14
656,657,0,0.0,35.14
657,658,0,0.0,35.14
658,659,1,7.14,35.14
659,660,2,8.29,35.14
660,661,1,33.71,35.14
661,662,0,0.0,35.14
662,663,0,0.0,35.14
663,664,0,0.0,35.14
664,665,0,0.0,35.14
665,666,1,20.86,35.0
666,667,0,0.0,35.0
667,668,8,33.57,35.0
668,669,1,4.43,35.0
669,670,0,0.0,35.0
670,671,6,29.29,35.0
671,672,1,8.14,35.0
672,673,2,3.86,35.0
673,674,0,0.0,35.0
674,675,3,25.29,35.0
675,676,6,23.0,35.0
676,677,0,0.0,35.0
677,678,1,20.43,35.0
678,679,0,0.0,35.0
679,680,2,16.29,35.0
680,681,5,25.14,35.0
681,682,0,0.0,35.0
682,683,1,28.0,35.0
683,684,0,0.0,35.0
684,685,0,0.0,35.0
685,686,0,0.0,35.0
686,687,0,0.0,35.0
687,688,0,0.0,35.0
688,689,0,0.0,35.0
689,690,1,18.86,35.0
690,691,1,6.0,35.0
691,692,0,0.0,35.0
692,693,13,34.43,35.0
693,694,0,0.0,35.0
694,695,0,0.0,35.0
695,696,1,3.57,35.0
696,697,3,25.86,34.86
697,698,0,0.0,34.86
698,699,5,14.43,34.86
699,700,0,0.0,34.86
700,701,2,17.43,34.86
701,702,1,22.86,34.86
702,703,0,0.0,34.86
703,704,0,0.0,34.86
704,705,1,11.14,34.86
705,706,0,0.0,34.86
706,707,1,4.0,34.86
707,708,1,0.57,34.86
708,709,0,0.0,34.86
709,710,0,0.0,34.86
710,711,0,0.0,34.86
711,712,4,30.57,34.86
712,713,6,33.57,34.86
713,714,1,1.71,34.86
714,715,2,9.71,34.86
715,716,0,0.0,34.86
716,717,0,0.0,34.86
717,718,2,12.0,34.86
718,719,0,0.0,34.86
719,720,7,34.86,34.86
720,721,0,0.0,34.86
721,722,0,0.0,34.86
722,723,0,0.0,34.86
723,724,0,0.0,34.86
724,725,0,0.0,34.86
725,726,3,20.29,34.86
726,727,0,0.0,34.86
727,728,5,17.0,34.86
728,729,0,0.0,34.86
729,730,2,10.57,34.71
730,731,1,4.57,34.71
731,732,3,33.71,34.71
732,733,0,0.0,34.71
733,734,0,0.0,34.71
734,735,0,0.0,34.71
735,736,0,0.0,34.71
736,737,0,0.0,34.71
737,738,0,0.0,34.71
738,739,1,13.29,34.71
739,740,0,0.0,34.71
740,741,1,24.86,34.71
741,742,0,0.0,34.71
742,743,0,0.0,34.71
743,744,0,0.0,34.71
744,745,2,14.43,34.71
745,746,0,0.0,34.71
746,747,1,12.57,34.71
747,748,0,0.0,34.71
748,749,0,0.0,34.71
749,750,1,7.14,34.71
750,751,10,29.29,34.71
751,752,0,0.0,34.71
752,753,0,0.0,34.71
753,754,0,0.0,34.71
754,755,0,0.0,34.71
755,756,3,16.43,34.71
756,757,3,17.14,34.71
757,758,0,0.0,34.71
758,759,0,0.0,34.71
759,760,2,9.14,34.57
760,761,5,34.57,34.57
761,762,4,23.14,34.57
762,763,0,0.0,34.57
763,764,0,0.0,34.57
764,765,0,0.0,34.57
765,766,0,0.0,34.57
766,767,0,0.0,34.57
767,768,0,0.0,34.57
768,769,0,0.0,34.57
769,770,1,3.71,34.57
770,771,0,0.0,34.57
771,772,0,0.0,34.57
772,773,0,0.0,34.57
773,774,0,0.0,34.57
774,775,1,16.0,34.57
775,776,1,0.29,34.57
776,777,3,9.29,34.57
777,778,1,8.71,34.57
778,779,0,0.0,34.57
779,780,0,0.0,34.57
780,781,0,0.0,34.57
781,782,0,0.0,34.43
782,783,6,32.86,34.43
783,784,2,25.57,34.43
784,785,0,0.0,34.43
785,786,0,0.0,34.43
786,787,0,0.0,34.43
787,788,0,0.0,34.43
788,789,0,0.0,34.43
789,790,0,0.0,34.43
790,791,0,0.0,34.43
791,792,0,0.0,34.43
792,793,1,2.14,34.43
793,794,6,30.86,34.43
794,795,0,0.0,34.43
795,796,1,5.86,34.43
796,797,0,0.0,34.43
797,798,2,8.14,34.43
798,799,0,0.0,34.43
799,800,0,0.0,34.43
800,801,7,33.71,34.43
801,802,0,0.0,34.43
802,803,0,0.0,34.43
803,804,0,0.0,34.43
804,805,2,20.71,34.43
805,806,0,0.0,34.43
806,807,0,0.0,34.43
807,808,0,0.0,34.43
808,809,0,0.0,34.43
809,810,2,12.71,34.43
810,811,0,0.0,34.29
811,812,1,7.29,34.29
812,813,13,33.86,34.29
813,814,7,5.57,34.29
814,815,0,0.0,34.29
815,816,0,0.0,34.29
816,817,3,32.0,34.29
817,818,0,0.0,34.29
818,819,1,22.14,34.29
819,820,0,0.0,34.29
820,821,1,4.71,34.29
821,822,1,19.71,34.29
822,823,2,0.86,34.29
823,824,0,0.0,34.29
824,825,0,0.0,34.29
825,826,0,0.0,34.29
826,827,1,8.29,34.29
827,828,0,0.0,34.29
828,829,0,0.0,34.29
829,830,1,21.14,34.29
830,831,1,23.86,34.29
831,832,0,0.0,34.29
832,833,0,0.0,34.29
833,834,0,0.0,34.29
834,835,0,0.0,34.29
835,836,2,31.0,34.29
836,837,1,0.57,34.29
837,838,0,0.0,34.29
838,839,0,0.0,34.29
839,840,1,26.71,34.29
840,841,19,34.0,34.14
841,842,2,21.0,34.14
842,843,2,28.0,34.14
843,844,0,0.0,34.14
844,845,2,21.0,34.14
845,846,2,14.0,34.14
846,847,0,0.0,34.14
847,848,0,0.0,34.14
848,849,0,0.0,34.14
849,850,1,6.57,34.14
850,851,0,0.0,34.14
851,852,0,0.0,34.14
852,853,0,0.0,34.14
853,854,1,0.43,34.14
854,855,0,0.0,34.14
855,856,1,10.57,34.14
856,857,0,0.0,34.14
857,858,1,1.43,34.14
858,859,0,0.0,34.14
859,860,0,0.0,34.14
860,861,2,18.29,34.14
861,862,0,0.0,34.14
862,863,0,0.0,34.14
863,864,0,0.0,34.14
864,865,1,14.86,34.14
865,866,0,0.0,34.14
866,867,7,31.43,34.14
867,868,0,0.0,34.14
868,869,0,0.0,34.14
869,870,0,0.0,34.14
870,871,0,0.0,34.14
871,872,0,0.0,34.14
872,873,1,0.14,34.14
873,874,0,0.0,34.14
874,875,0,0.0,34.14
875,876,1,27.71,34.14
876,877,1,16.57,34.0
877,878,0,0.0,34.0
878,879,0,0.0,34.0
879,880,2,8.71,34.0
880,881,0,0.0,34.0
881,882,1,9.86,34.0
882,883,1,15.29,34.0
883,884,0,0.0,34.0
884,885,0,0.0,34.0
885,886,4,28.14,34.0
886,887,0,0.0,34.0
887,888,0,0.0,34.0
888,889,1,13.71,34.0
889,890,0,0.0,34.0
890,891,0,0.0,34.0
891,892,0,0.0,34.0
892,893,1,23.86,34.0
893,894,0,0.0,34.0
894,895,0,0.0,34.0
895,896,0,0.0,34.0
896,897,5,14.71,34.0
897,898,1,10.29,34.0
898,899,0,0.0,34.0
899,900,1,24.86,34.0
900,901,0,0.0,34.0
901,902,1,9.71,34.0
902,903,0,0.0,34.0
903,904,1,2.29,34.0
904,905,0,0.0,34.0
905,906,0,0.0,34.0
906,907,0,0.0,34.0
907,908,7,26.0,34.0
908,909,2,20.14,34.0
909,910,1,12.71,34.0
910,911,0,0.0,34.0
911,912,0,0.0,34.0
912,913,0,0.0,33.86
913,914,0,0.0,33.86
914,915,0,0.0,33.86
915,916,1,15.71,33.86
916,917,0,0.0,33.86
917,918,0,0.0,33.86
918,919,0,0.0,33.86
919,920,0,0.0,33.86
920,921,2,32.71,33.86
921,922,0,0.0,33.86
922,923,0,0.0,33.86
923,924,0,0.0,33.86
924,925,0,0.0,33.86
925,926,0,0.0,33.86
926,927,0,0.0,33.86
927,928,1,8.57,33.86
928,929,0,0.0,33.86
929,930,4,26.14,33.86
930,931,0,0.0,33.86
931,932,1,4.57,33.86
932,933,1,23.0,33.86
933,934,0,0.0,33.86
934,935,1,2.57,33.86
935,936,0,0.0,33.86
936,937,1,3.71,33.86
937,938,2,33.0,33.71
938,939,0,0.0,33.71
939,940,1,3.0,33.71
940,941,0,0.0,33.71
941,942,0,0.0,33.71
942,943,0,0.0,33.71
943,944,2,33.71,33.71
944,945,0,0.0,33.71
945,946,4,15.29,33.71
946,947,0,0.0,33.71
947,948,1,6.14,33.71
948,949,7,32.57,33.71
949,950,1,1.14,33.71
950,951,0,0.0,33.71
951,952,1,2.29,33.71
952,953,0,0.0,33.71
953,954,0,0.0,33.71
954,955,4,24.0,33.71
955,956,0,0.0,33.71
956,957,1,6.71,33.71
957,958,0,0.0,33.71
958,959,0,0.0,33.71
959,960,0,0.0,33.71
960,961,0,0.0,33.71
961,962,1,1.0,33.71
962,963,0,0.0,33.71
963,964,7,30.14,33.71
964,965,1,11.0,33.71
965,966,0,0.0,33.71
966,967,6,29.86,33.71
967,968,0,0.0,33.71
968,969,5,18.29,33.71
969,970,0,0.0,33.71
970,971,2,14.29,33.71
971,972,0,0.0,33.71
972,973,1,17.43,33.71
973,974,0,0.0,33.71
974,975,6,30.43,33.71
975,976,0,0.0,33.71
976,977,2,11.43,33.71
977,978,0,0.0,33.71
978,979,0,0.0,33.71
979,980,0,0.0,33.71
980,981,2,16.0,33.57
981,982,2,27.14,33.57
982,983,0,0.0,33.57
983,984,0,0.0,33.57
984,985,6,25.0,33.57
985,986,0,0.0,33.57
986,987,0,0.0,33.57
987,988,1,20.0,33.57
988,989,0,0.0,33.57
989,990,1,24.29,33.57
990,991,0,0.0,33.57
991,992,0,0.0,33.57
992,993,0,0.0,33.57
993,994,2,10.71,33.57
994,995,0,0.0,33.57
995,996,0,0.0,33.57
996,997,0,0.0,33.57
997,998,0,0.0,33.57
998,999,1,1.71,33.57
999,1000,4,24.43,33.57
1000,1001,0,0.0,33.57
1001,1002,0,0.0,33.57
1002,1003,1,26.71,33.57
1003,1004,0,0.0,33.57
1004,1005,1,3.86,33.57
1005,1006,0,0.0,33.57
1006,1007,0,0.0,33.43
1007,1008,1,1.43,33.43
1008,1009,0,0.0,33.43
1009,1010,5,21.14,33.43
1010,1011,2,18.86,33.43
1011,1012,0,0.0,33.43
1012,1013,0,0.0,33.43
1013,1014,0,0.0,33.43
1014,1015,3,26.0,33.43
1015,1016,0,0.0,33.43
1016,1017,12,32.43,33.43
1017,1018,1,9.14,33.43
1018,1019,0,0.0,33.43
1019,1020,0,0.0,33.43
1020,1021,2,21.43,33.43
1021,1022,0,0.0,33.43
1022,1023,0,0.0,33.43
1023,1024,0,0.0,33.43
1024,1025,0,0.0,33.43
1025,1026,0,0.0,33.43
1026,1027,0,0.0,33.43
1027,1028,0,0.0,33.43
1028,1029,0,0.0,33.43
1029,1030,0,0.0,33.43
1030,1031,0,0.0,33.43
1031,1032,0,0.0,33.43
1032,1033,0,0.0,33.43
1033,1034,0,0.0,33.43
1034,1035,0,0.0,33.43
1035,1036,0,0.0,33.43
1036,1037,4,14.29,33.43
1037,1038,1,23.14,33.29
1038,1039,1,8.71,33.29
1039,1040,0,0.0,33.29
1040,1041,0,0.0,33.29
1041,1042,3,18.0,33.29
1042,1043,0,0.0,33.29
1043,1044,1,33.29,33.29
1044,1045,0,0.0,33.29
1045,1046,1,0.57,33.29
1046,1047,0,0.0,33.29
1047,1048,0,0.0,33.29
1048,1049,0,0.0,33.29
1049,1050,0,0.0,33.29
1050,1051,4,25.0,33.29
1051,1052,0,0.0,33.29
1052,1053,0,0.0,33.29
1053,1054,2,19.14,33.29
1054,1055,0,0.0,33.29
1055,1056,5,32.29,33.29
1056,1057,0,0.0,33.29
1057,1058,3,24.57,33.29
1058,1059,1,0.14,33.29
1059,1060,0,0.0,33.29
1060,1061,0,0.0,33.29
1061,1062,3,13.14,33.29
1062,1063,0,0.0,33.29
1063,1064,0,0.0,33.29
1064,1065,0,0.0,33.29
1065,1066,0,0.0,33.29
1066,1067,0,0.0,33.14
1067,1068,0,0.0,33.14
1068,1069,0,0.0,33.14
1069,1070,0,0.0,33.14
1070,1071,2,4.0,33.14
1071,1072,0,0.0,33.14
1072,1073,0,0.0,33.14
1073,1074,0,0.0,33.14
1074,1075,2,4.86,33.14
1075,1076,3,19.29,33.14
1076,1077,0,0.0,33.14
1077,1078,0,0.0,33.14
1078,1079,0,0.0,33.14
1079,1080,0,0.0,33.14
1080,1081,11,32.0,33.14
1081,1082,0,0.0,33.14
1082,1083,0,0.0,33.14
1083,1084,2,2.29,33.14
1084,1085,0,0.0,33.14
1085,1086,1,19.0,33.14
1086,1087,0,0.0,33.14
1087,1088,7,28.71,33.14
1088,1089,0,0.0,33.14
1089,1090,0,0.0,33.14
1090,1091,1,19.0,33.14
1091,1092,0,0.0,33.14
1092,1093,3,12.0,33.14
1093,1094,0,0.0,33.14
1094,1095,2,28.0,33.14
1095,1096,0,0.0,33.14
1096,1097,1,2.0,33.14
1097,1098,0,0.0,33.14
1098,1099,4,25.0,33.14
1099,1100,2,15.29,33.0
1100,1101,2,6.0,33.0
1101,1102,1,18.29,33.0
1102,1103,0,0.0,33.0
1103,1104,0,0.0,33.0
1104,1105,0,0.0,33.0
1105,1106,0,0.0,33.0
1106,1107,0,0.0,33.0
1107,1108,1,8.57,33.0
1108,1109,3,30.29,33.0
1109,1110,0,0.0,33.0
1110,1111,0,0.0,33.0
1111,1112,1,18.43,33.0
1112,1113,1,0.86,33.0
1113,1114,6,18.43,33.0
1114,1115,0,0.0,33.0
1115,1116,0,0.0,33.0
1116,1117,4,29.0,33.0
1117,1118,0,0.0,33.0
1118,1119,0,0.0,33.0
1119,1120,1,1.29,33.0
1120,1121,0,0.0,33.0
1121,1122,2,9.86,33.0
1122,1123,0,0.0,33.0
1123,1124,1,2.43,33.0
1124,1125,3,9.71,33.0
1125,1126,7,30.43,33.0
1126,1127,2,15.0,33.0
1127,1128,0,0.0,33.0
1128,1129,5,32.14,33.0
1129,1130,0,0.0,33.0
1130,1131,0,0.0,33.0
1131,1132,0,0.0,33.0
1132,1133,0,0.0,32.86
1133,1134,5,32.43,32.86
1134,1135,0,0.0,32.86
1135,1136,12,17.71,32.86
1136,1137,1,18.43,32.86
1137,1138,0,0.0,32.86
1138,1139,1,18.86,32.86
1139,1140,0,0.0,32.86
1140,1141,1,0.71,32.86
1141,1142,0,0.0,32.86
1142,1143,0,0.0,32.86
1143,1144,0,0.0,32.86
1144,1145,0,0.0,32.86
1145,1146,3,8.57,32.86
1146,1147,0,0.0,32.86
1147,1148,0,0.0,32.86
1148,1149,0,0.0,32.86
1149,1150,0,0.0,32.86
1150,1151,0,0.0,32.86
1151,1152,1,12.14,32.86
1152,1153,0,0.0,32.86
1153,1154,1,0.57,32.86
1154,1155,0,0.0,32.86
1155,1156,0,0.0,32.86
1156,1157,0,0.0,32.86
1157,1158,0,0.0,32.71
1158,1159,0,0.0,32.71
1159,1160,4,31.43,32.71
1160,1161,0,0.0,32.71
1161,1162,0,0.0,32.71
1162,1163,0,0.0,32.71
1163,1164,2,15.43,32.71
1164,1165,0,0.0,32.71
1165,1166,4,1.29,32.71
1166,1167,0,0.0,32.71
1167,1168,1,0.71,32.71
1168,1169,0,0.0,32.71
1169,1170,1,2.71,32.71
1170,1171,0,0.0,32.71
1171,1172,3,6.0,32.71
1172,1173,0,0.0,32.71
1173,1174,0,0.0,32.71
1174,1175,0,0.0,32.71
1175,1176,0,0.0,32.71
1176,1177,0,0.0,32.71
1177,1178,1,8.86,32.71
1178,1179,0,0.0,32.71
1179,1180,0,0.0,32.71
1180,1181,3,28.43,32.71
1181,1182,0,0.0,32.71
1182,1183,3,20.57,32.57
1183,1184,4,20.71,32.57
1184,1185,1,30.14,32.57
1185,1186,0,0.0,32.57
1186,1187,2,32.57,32.57
1187,1188,1,3.57,32.57
1188,1189,2,31.71,32.57
1189,1190,1,0.86,32.57
1190,1191,0,0.0,32.57
1191,1192,0,0.0,32.57
1192,1193,2,1.14,32.57
1193,1194,1,1.57,32.57
1194,1195,0,0.0,32.57
1195,1196,0,0.0,32.57
1196,1197,0,0.0,32.57
1197,1198,1,0.57,32.57
1198,1199,7,15.0,32.57
1199,1200,0,0.0,32.57
1200,1201,6,26.71,32.57
1201,1202,0,0.0,32.57
1202,1203,6,29.57,32.57
1203,1204,0,0.0,32.57
1204,1205,0,0.0,32.57
1205,1206,0,0.0,32.57
1206,1207,1,0.29,32.57
1207,1208,0,0.0,32.43
1208,1209,0,0.0,32.43
1209,1210,0,0.0,32.43
1210,1211,0,0.0,32.43
1211,1212,0,0.0,32.43
1212,1213,0,0.0,32.43
1213,1214,0,0.0,32.43
1214,1215,0,0.0,32.43
1215,1216,0,0.0,32.43
1216,1217,1,6.14,32.43
1217,1218,0,0.0,32.43
1218,1219,0,0.0,32.43
1219,1220,1,3.71,32.43
1220,1221,0,0.0,32.43
1221,1222,0,0.0,32.43
1222,1223,0,0.0,32.43
1223,1224,0,0.0,32.43
1224,1225,0,0.0,32.43
1225,1226,0,0.0,32.43
1226,1227,3,28.14,32.43
1227,1228,0,0.0,32.43
1228,1229,0,0.0,32.43
1229,1230,3,25.86,32.29
1230,1231,0,0.0,32.29
1231,1232,3,27.57,32.29
1232,1233,0,0.0,32.29
1233,1234,8,23.0,32.29
1234,1235,0,0.0,32.29
1235,1236,1,0.86,32.29
1236,1237,0,0.0,32.29
1237,1238,0,0.0,32.29
1238,1239,2,13.14,32.29
1239,1240,0,0.0,32.29
1240,1241,0,0.0,32.29
1241,1242,11,30.86,32.29
1242,1243,0,0.0,32.29
1243,1244,1,1.29,32.29
1244,1245,8,32.29,32.29
1245,1246,0,0.0,32.29
1246,1247,1,3.57,32.29
1247,1248,0,0.0,32.29
1248,1249,1,7.86,32.29
1249,1250,0,0.0,32.29
1250,1251,0,0.0,32.29
1251,1252,3,23.43,32.29
1252,1253,0,0.0,32.29
1253,1254,0,0.0,32.29
1254,1255,0,0.0,32.29
1255,1256,0,0.0,32.29
1256,1257,0,0.0,32.29
1257,1258,3,14.29,32.29
1258,1259,1,2.86,32.29
1259,1260,0,0.0,32.29
1260,1261,1,19.86,32.29
1261,1262,6,25.0,32.29
1262,1263,0,0.0,32.29
1263,1264,2,21.43,32.29
1264,1265,1,18.57,32.14
1265,1266,1,0.14,32.14
1266,1267,0,0.0,32.14
1267,1268,1,2.86,32.14
1268,1269,1,0.71,32.14
1269,1270,0,0.0,32.14
1270,1271,3,11.86,32.14
1271,1272,2,18.71,32.14
1272,1273,0,0.0,32.14
1273,1274,0,0.0,32.14
1274,1275,0,0.0,32.14
1275,1276,2,2.43,32.14
1276,1277,1,7.29,32.14
1277,1278,1,15.86,32.14
1278,1279,0,0.0,32.14
1279,1280,0,0.0,32.14
1280,1281,0,0.0,32.14
1281,1282,0,0.0,32.14
1282,1283,3,1.43,32.14
1283,1284,2,8.29,32.14
1284,1285,0,0.0,32.14
1285,1286,3,19.14,32.14
1286,1287,0,0.0,32.14
1287,1288,0,0.0,32.14
1288,1289,1,6.29,32.14
1289,1290,4,24.71,32.14
1290,1291,0,0.0,32.14
1291,1292,6,30.71,32.14
1292,1293,0,0.0,32.14
1293,1294,1,5.86,32.14
1294,1295,1,30.14,32.14
1295,1296,4,27.71,32.14
1296,1297,0,0.0,32.14
1297,1298,2,27.14,32.14
1298,1299,0,0.0,32.14
1299,1300,4,31.57,32.14
1300,1301,0,0.0,32.0
1301,1302,0,0.0,32.0
1302,1303,0,0.0,32.0
1303,1304,0,0.0,32.0
1304,1305,2,21.57,32.0
1305,1306,0,0.0,32.0
1306,1307,1,29.71,32.0
1307,1308,0,0.0,32.0
1308,1309,1,18.0,32.0
1309,1310,2,8.0,32.0
1310,1311,0,0.0,32.0
1311,1312,0,0.0,32.0
1312,1313,1,10.14,32.0
1313,1314,0,0.0,32.0
1314,1315,0,0.0,32.0
1315,1316,2,11.86,32.0
1316,1317,1,9.14,32.0
1317,1318,0,0.0,32.0
1318,1319,0,0.0,32.0
1319,1320,3,6.29,32.0
1320,1321,0,0.0,32.0
1321,1322,0,0.0,32.0
1322,1323,0,0.0,32.0
1323,1324,0,0.0,32.0
1324,1325,0,0.0,32.0
1325,1326,0,0.0,32.0
1326,1327,1,19.0,32.0
1327,1328,1,29.29,32.0
1328,1329,3,23.71,32.0
1329,1330,2,27.14,32.0
1330,1331,0,0.0,32.0
1331,1332,0,0.0,32.0
1332,1333,0,0.0,32.0
1333,1334,1,4.57,32.0
1334,1335,0,0.0,31.86
1335,1336,0,0.0,31.86
1336,1337,0,0.0,31.86
1337,1338,4,29.14,31.86
1338,1339,0,0.0,31.86
1339,1340,1,1.57,31.86
1340,1341,3,3.29,31.86
1341,1342,0,0.0,31.86
1342,1343,0,0.0,31.86
1343,1344,0,0.0,31.86
1344,1345,0,0.0,31.86
1345,1346,0,0.0,31.86
1346,1347,0,0.0,31.86
1347,1348,3,30.71,31.86
1348,1349,1,23.71,31.86
1349,1350,0,0.0,31.86
1350,1351,1,1.0,31.86
1351,1352,1,30.57,31.86
1352,1353,2,11.14,31.86
1353,1354,0,0.0,31.86
1354,1355,2,24.29,31.86
1355,1356,0,0.0,31.86
1356,1357,0,0.0,31.86
1357,1358,0,0.0,31.86
1358,1359,3,25.71,31.86
1359,1360,0,0.0,31.86
1360,1361,1,30.57,31.86
1361,1362,0,0.0,31.86
1362,1363,1,19.29,31.86
1363,1364,0,0.0,31.86
1364,1365,9,30.57,31.71
1365,1366,0,0.0,31.71
1366,1367,0,0.0,31.71
1367,1368,4,8.43,31.71
1368,1369,0,0.0,31.71
1369,1370,2,23.43,31.71
1370,1371,0,0.0,31.71
1371,1372,5,26.0,31.71
1372,1373,0,0.0,31.71
1373,1374,0,0.0,31.71
1374,1375,1,5.29,31.71
1375,1376,0,0.0,31.71
1376,1377,0,0.0,31.71
1377,1378,1,23.0,31.71
1378,1379,0,0.0,31.71
1379,1380,0,0.0,31.71
1380,1381,2,11.71,31.71
1381,1382,0,0.0,31.71
1382,1383,0,0.0,31.71
1383,1384,0,0.0,31.71
1384,1385,0,0.0,31.71
1385,1386,0,0.0,31.71
1386,1387,4,30.29,31.71
1387,1388,1,5.0,31.71
1388,1389,0,0.0,31.71
1389,1390,0,0.0,31.57
1390,1391,1,1.0,31.57
1391,1392,5,22.86,31.57
1392,1393,0,0.0,31.57
1393,1394,0,0.0,31.57
1394,1395,0,0.0,31.57
1395,1396,1,7.57,31.57
1396,1397,0,0.0,31.57
1397,1398,1,11.14,31.57
1398,1399,0,0.0,31.57
1399,1400,1,8.0,31.57
1400,1401,0,0.0,31.57
1401,1402,1,6.57,31.57
1402,1403,0,0.0,31.57
1403,1404,0,0.0,31.57
1404,1405,0,0.0,31.57
1405,1406,0,0.0,31.57
1406,1407,1,0.86,31.57
1407,1408,3,28.14,31.57
1408,1409,0,0.0,31.57
1409,1410,0,0.0,31.57
1410,1411,2,14.0,31.57
1411,1412,0,0.0,31.57
1412,1413,14,30.29,31.57
1413,1414,4,16.86,31.57
1414,1415,0,0.0,31.43
1415,1416,0,0.0,31.43
1416,1417,0,0.0,31.43
1417,1418,0,0.0,31.43
1418,1419,0,0.0,31.43
1419,1420,0,0.0,31.43
1420,1421,2,30.14,31.43
1421,1422,0,0.0,31.43
1422,1423,0,0.0,31.43
1423,1424,2,24.71,31.43
1424,1425,0,0.0,31.43
1425,1426,3,18.71,31.43
1426,1427,0,0.0,31.43
1427,1428,2,6.29,31.43
1428,1429,0,0.0,31.43
1429,1430,0,0.0,31.43
1430,1431,1,1.43,31.43
1431,1432,1,27.43,31.43
1432,1433,6,19.57,31.43
1433,1434,1,26.14,31.43
1434,1435,6,18.14,31.43
1435,1436,0,0.0,31.43
1436,1437,1,2.71,31.43
1437,1438,2,7.43,31.43
1438,1439,0,0.0,31.43
1439,1440,0,0.0,31.43
1440,1441,2,22.57,31.43
1441,1442,1,22.57,31.43
1442,1443,0,0.0,31.43
1443,1444,2,21.43,31.43
1444,1445,1,31.14,31.43
1445,1446,0,0.0,31.43
1446,1447,1,9.57,31.29
1447,1448,0,0.0,31.29
1448,1449,2,21.0,31.29
1449,1450,0,0.0,31.29
1450,1451,0,0.0,31.29
1451,1452,3,17.43,31.29
1452,1453,0,0.0,31.29
1453,1454,0,0.0,31.29
1454,1455,0,0.0,31.29
1455,1456,0,0.0,31.29
1456,1457,0,0.0,31.29
1457,1458,0,0.0,31.29
1458,1459,0,0.0,31.29
1459,1460,4,13.14,31.29
1460,1461,0,0.0,31.29
1461,1462,4,20.14,31.29
1462,1463,0,0.0,31.29
1463,1464,1,6.0,31.29
1464,1465,0,0.0,31.29
1465,1466,0,0.0,31.29
1466,1467,5,29.14,31.29
1467,1468,0,0.0,31.29
1468,1469,2,26.86,31.29
1469,1470,0,0.0,31.29
1470,1471,1,17.14,31.14
1471,1472,0,0.0,31.14
1472,1473,5,26.86,31.14
1473,1474,0,0.0,31.14
1474,1475,1,2.29,31.14
1475,1476,2,26.29,31.14
1476,1477,0,0.0,31.14
1477,1478,2,12.29,31.14
1478,1479,2,19.14,31.14
1479,1480,0,0.0,31.14
1480,1481,0,0.0,31.14
1481,1482,1,16.71,31.14
1482,1483,0,0.0,31.14
1483,1484,0,0.0,31.14
1484,1485,0,0.0,31.14
1485,1486,0,0.0,31.14
1486,1487,0,0.0,31.14
1487,1488,0,0.0,31.14
1488,1489,1,26.14,31.14
1489,1490,2,5.0,31.14
1490,1491,0,0.0,31.14
1491,1492,0,0.0,31.14
1492,1493,0,0.0,31.14
1493,1494,0,0.0,31.14
1494,1495,3,22.14,31.14
1495,1496,0,0.0,31.14
1496,1497,4,22.0,31.14
1497,1498,0,0.0,31.14
1498,1499,1,2.0,31.14
1499,1500,0,0.0,31.14
1500,1501,0,0.0,31.14
1501,1502,3,25.86,31.14
1502,1503,1,3.14,31.14
1503,1504,0,0.0,31.14
1504,1505,2,25.14,31.14
1505,1506,0,0.0,31.14
1506,1507,2,4.0,31.14
1507,1508,1,10.43,31.0
1508,1509,0,0.0,31.0
1509,1510,0,0.0,31.0
1510,1511,0,0.0,31.0
1511,1512,4,19.0,31.0
1512,1513,0,0.0,31.0
1513,1514,0,0.0,31.0
1514,1515,0,0.0,31.0
1515,1516,26,30.86,31.0
1516,1517,1,30.57,31.0
1517,1518,6,26.14,31.0
1518,1519,0,0.0,31.0
1519,1520,0,0.0,31.0
1520,1521,1,8.29,31.0
1521,1522,0,0.0,31.0
1522,1523,0,0.0,31.0
1523,1524,0,0.0,31.0
1524,1525,2,30.57,31.0
1525,1526,0,0.0,31.0
1526,1527,0,0.0,31.0
1527,1528,0,0.0,31.0
1528,1529,2,1.57,31.0
1529,1530,0,0.0,31.0
1530,1531,0,0.0,31.0
1531,1532,1,17.43,31.0
1532,1533,2,19.71,31.0
1533,1534,0,0.0,31.0
1534,1535,1,29.29,31.0
1535,1536,0,0.0,31.0
1536,1537,0,0.0,31.0
1537,1538,0,0.0,31.0
1538,1539,14,29.86,30.86
1539,1540,0,0.0,30.86
1540,1541,1,2.71,30.86
1541,1542,0,0.0,30.86
1542,1543,2,5.14,30.86
1543,1544,4,25.43,30.86
1544,1545,0,0.0,30.86
1545,1546,1,2.71,30.86
1546,1547,6,29.29,30.86
1547,1548,0,0.0,30.86
1548,1549,0,0.0,30.86
1549,1550,1,0.14,30.86
1550,1551,3,26.0,30.86
1551,1552,1,2.14,30.86
1552,1553,0,0.0,30.86
1553,1554,0,0.0,30.86
1554,1555,0,0.0,30.86
1555,1556,0,0.0,30.86
1556,1557,1,16.29,30.86
1557,1558,1,2.29,30.86
1558,1559,0,0.0,30.86
1559,1560,8,28.71,30.86
1560,1561,0,0.0,30.86
1561,1562,0,0.0,30.86
1562,1563,0,0.0,30.86
1563,1564,0,0.0,30.86
1564,1565,0,0.0,30.86
1565,1566,0,0.0,30.86
1566,1567,3,25.86,30.86
1567,1568,0,0.0,30.86
1568,1569,1,5.43,30.86
1569,1570,0,0.0,30.86
1570,1571,0,0.0,30.86
1571,1572,3,30.29,30.86
1572,1573,0,0.0,30.86
1573,1574,1,1.14,30.86
1574,1575,1,10.71,30.71
1575,1576,1,3.0,30.71
1576,1577,1,22.0,30.71
1577,1578,0,0.0,30.71
1578,1579,1,3.86,30.71
1579,1580,9,12.0,30.71
1580,1581,0,0.0,30.71
1581,1582,0,0.0,30.71
1582,1583,3,26.43,30.71
1583,1584,0,0.0,30.71
1584,1585,0,0.0,30.71
1585,1586,0,0.0,30.71
1586,1587,0,0.0,30.71
1587,1588,1,7.57,30.71
1588,1589,0,0.0,30.71
1589,1590,0,0.0,30.71
1590,1591,0,0.0,30.71
1591,1592,0,0.0,30.71
1592,1593,1,2.0,30.71
1593,1594,0,0.0,30.71
1594,1595,2,4.0,30.71
1595,1596,0,0.0,30.71
1596,1597,4,20.29,30.71
1597,1598,1,25.0,30.71
1598,1599,0,0.0,30.71
1599,1600,0,0.0,30.71
1600,1601,0,0.0,30.71
1601,1602,0,0.0,30.71
1602,1603,0,0.0,30.71
1603,1604,0,0.0,30.71
1604,1605,2,21.43,30.71
1605,1606,0,0.0,30.71
1606,1607,1,24.71,30.71
1607,1608,1,30.29,30.71
1608,1609,1,14.71,30.57
1609,1610,0,0.0,30.57
1610,1611,3,17.57,30.57
1611,1612,2,6.0,30.57
1612,1613,0,0.0,30.57
1613,1614,2,27.71,30.57
1614,1615,5,28.43,30.57
1615,1616,0,0.0,30.57
1616,1617,1,16.57,30.57
1617,1618,0,0.0,30.57
1618,1619,0,0.0,30.57
1619,1620,1,1.71,30.57
1620,1621,1,25.86,30.57
1621,1622,0,0.0,30.57
1622,1623,0,0.0,30.57
1623,1624,0,0.0,30.57
1624,1625,0,0.0,30.57
1625,1626,1,3.29,30.57
1626,1627,0,0.0,30.57
1627,1628,5,25.86,30.57
1628,1629,1,28.14,30.57
1629,1630,0,0.0,30.57
1630,1631,1,5.71,30.57
1631,1632,0,0.0,30.57
1632,1633,4,26.71,30.57
1633,1634,0,0.0,30.57
1634,1635,0,0.0,30.57
1635,1636,0,0.0,30.57
1636,1637,0,0.0,30.57
1637,1638,0,0.0,30.57
1638,1639,4,21.71,30.43
1639,1640,3,12.71,30.43
1640,1641,0,0.0,30.43
1641,1642,0,0.0,30.43
1642,1643,0,0.0,30.43
1643,1644,1,17.29,30.43
1644,1645,0,0.0,30.43
1645,1646,1,3.29,30.43
1646,1647,0,0.0,30.43
1647,1648,2,8.86,30.43
1648,1649,0,0.0,30.43
1649,1650,0,0.0,30.43
1650,1651,0,0.0,30.43
1651,1652,2,24.43,30.43
1652,1653,4,20.86,30.43
1653,1654,0,0.0,30.43
1654,1655,0,0.0,30.43
1655,1656,0,0.0,30.43
1656,1657,0,0.0,30.43
1657,1658,2,19.57,30.43
1658,1659,0,0.0,30.43
1659,1660,0,0.0,30.43
1660,1661,0,0.0,30.43
1661,1662,1,16.86,30.43
1662,1663,0,0.0,30.43
1663,1664,1,6.0,30.43
1664,1665,1,4.29,30.29
1665,1666,0,0.0,30.29
1666,1667,0,0.0,30.29
1667,1668,3,16.86,30.29
1668,1669,3,30.29,30.29
1669,1670,0,0.0,30.29
1670,1671,2,25.71,30.29
1671,1672,0,0.0,30.29
1672,1673,1,21.14,30.29
1673,1674,0,0.0,30.29
1674,1675,1,24.57,30.29
1675,1676,0,0.0,30.29
1676,1677,0,0.0,30.29
1677,1678,0,0.0,30.29
1678,1679,5,28.29,30.29
1679,1680,1,8.29,30.29
1680,1681,3,18.29,30.29
1681,1682,0,0.0,30.29
1682,1683,2,19.43,30.29
1683,1684,1,1.86,30.29
1684,1685,0,0.0,30.29
1685,1686,1,10.14,30.29
1686,1687,0,0.0,30.29
1687,1688,0,0.0,30.29
1688,1689,0,0.0,30.29
1689,1690,1,22.0,30.29
1690,1691,0,0.0,30.29
1691,1692,2,3.86,30.29
1692,1693,0,0.0,30.29
1693,1694,0,0.0,30.29
1694,1695,0,0.0,30.29
1695,1696,2,17.71,30.14
1696,1697,3,20.86,30.14
1697,1698,0,0.0,30.14
1698,1699,0,0.0,30.14
1699,1700,5,30.0,30.14
1700,1701,0,0.0,30.14
1701,1702,2,2.0,30.14
1702,1703,0,0.0,30.14
1703,1704,0,0.0,30.14
1704,1705,0,0.0,30.14
1705,1706,0,0.0,30.14
1706,1707,0,0.0,30.14
1707,1708,1,1.29,30.14
1708,1709,1,16.14,30.14
1709,1710,0,0.0,30.14
1710,1711,0,0.0,30.14
1711,1712,9,28.57,30.14
1712,1713,2,8.86,30.14
1713,1714,0,0.0,30.14
1714,1715,1,6.29,30.14
1715,1716,1,2.14,30.14
1716,1717,0,0.0,30.14
1717,1718,0,0.0,30.14
1718,1719,0,0.0,30.14
1719,1720,1,21.86,30.14
1720,1721,1,21.86,30.14
1721,1722,0,0.0,30.14
1722,1723,0,0.0,30.14
1723,1724,0,0.0,30.14
1724,1725,0,0.0,30.14
1725,1726,0,0.0,30.0
1726,1727,0,0.0,30.0
1727,1728,2,5.43,30.0
1728,1729,0,0.0,30.0
1729,1730,0,0.0,30.0
1730,1731,0,0.0,30.0
1731,1732,0,0.0,30.0
1732,1733,3,29.71,30.0
1733,1734,0,0.0,30.0
1734,1735,0,0.0,30.0
1735,1736,0,0.0,30.0
1736,1737,1,20.86,30.0
1737,1738,0,0.0,30.0
1738,1739,0,0.0,30.0
1739,1740,0,0.0,30.0
1740,1741,0,0.0,30.0
1741,1742,2,25.14,30.0
1742,1743,0,0.0,30.0
1743,1744,4,25.14,30.0
1744,1745,0,0.0,30.0
1745,1746,4,28.43,30.0
1746,1747,3,24.43,30.0
1747,1748,0,0.0,30.0
1748,1749,3,16.0,30.0
1749,1750,2,15.71,30.0
1750,1751,0,0.0,30.0
1751,1752,0,0.0,30.0
1752,1753,0,0.0,30.0
1753,1754,0,0.0,30.0
1754,1755,0,0.0,30.0
1755,1756,4,7.57,30.0
1756,1757,0,0.0,30.0
1757,1758,0,0.0,29.86
1758,1759,0,0.0,29.86
1759,1760,5,26.57,29.86
1760,1761,3,6.29,29.86
1761,1762,2,15.29,29.86
1762,1763,2,28.71,29.86
1763,1764,0,0.0,29.86
1764,1765,0,0.0,29.86
1765,1766,3,24.71,29.86
1766,1767,2,16.86,29.86
1767,1768,4,26.57,29.86
1768,1769,0,0.0,29.86
1769,1770,7,28.0,29.86
1770,1771,1,21.57,29.86
1771,1772,2,20.71,29.86
1772,1773,0,0.0,29.86
1773,1774,2,8.14,29.86
1774,1775,2,15.29,29.86
1775,1776,0,0.0,29.86
1776,1777,3,2.43,29.86
1777,1778,0,0.0,29.86
1778,1779,0,0.0,29.86
1779,1780,0,0.0,29.86
1780,1781,1,24.57,29.86
1781,1782,0,0.0,29.86
1782,1783,1,14.0,29.86
1783,1784,0,0.0,29.86
1784,1785,0,0.0,29.86
1785,1786,3,12.71,29.86
1786,1787,0,0.0,29.86
1787,1788,0,0.0,29.86
1788,1789,1,2.86,29.86
1789,1790,6,26.43,29.86
1790,1791,0,0.0,29.86
1791,1792,1,17.57,29.86
1792,1793,0,0.0,29.86
1793,1794,2,24.86,29.86
1794,1795,3,5.71,29.86
1795,1796,0,0.0,29.86
1796,1797,0,0.0,29.86
1797,1798,3,9.71,29.71
1798,1799,0,0.0,29.71
1799,1800,1,20.14,29.71
1800,1801,0,0.0,29.71
1801,1802,0,0.0,29.71
1802,1803,0,0.0,29.71
1803,1804,0,0.0,29.71
1804,1805,0,0.0,29.71
1805,1806,0,0.0,29.71
1806,1807,0,0.0,29.71
1807,1808,5,29.57,29.71
1808,1809,0,0.0,29.71
1809,1810,0,0.0,29.71
1810,1811,0,0.0,29.71
1811,1812,1,21.14,29.71
1812,1813,0,0.0,29.71
1813,1814,0,0.0,29.71
1814,1815,0,0.0,29.71
1815,1816,0,0.0,29.71
1816,1817,0,0.0,29.71
1817,1818,0,0.0,29.71
1818,1819,0,0.0,29.71
1819,1820,9,23.43,29.71
1820,1821,4,28.14,29.71
1821,1822,2,27.57,29.71
1822,1823,0,0.0,29.71
1823,1824,0,0.0,29.71
1824,1825,1,5.0,29.71
1825,1826,4,8.0,29.71
1826,1827,1,20.86,29.57
1827,1828,0,0.0,29.57
1828,1829,1,1.0,29.57
1829,1830,0,0.0,29.57
1830,1831,1,20.86,29.57
1831,1832,0,0.0,29.57
1832,1833,0,0.0,29.57
1833,1834,1,19.71,29.57
1834,1835,0,0.0,29.57
1835,1836,1,0.71,29.57
1836,1837,0,0.0,29.57
1837,1838,0,0.0,29.57
1838,1839,0,0.0,29.57
1839,1840,1,1.71,29.57
1840,1841,0,0.0,29.57
1841,1842,1,14.29,29.57
1842,1843,5,29.43,29.57
1843,1844,0,0.0,29.57
1844,1845,1,25.0,29.57
1845,1846,0,0.0,29.57
1846,1847,0,0.0,29.57
1847,1848,0,0.0,29.57
1848,1849,1,27.0,29.57
1849,1850,0,0.0,29.57
1850,1851,1,9.71,29.57
1851,1852,0,0.0,29.57
1852,1853,1,2.0,29.57
1853,1854,0,0.0,29.57
1854,1855,1,1.57,29.57
1855,1856,1,26.29,29.43
1856,1857,0,0.0,29.43
1857,1858,0,0.0,29.43
1858,1859,0,0.0,29.43
1859,1860,7,28.57,29.43
1860,1861,0,0.0,29.43
1861,1862,0,0.0,29.43
1862,1863,1,28.57,29.43
1863,1864,0,0.0,29.43
1864,1865,1,24.0,29.43
1865,1866,0,0.0,29.43
1866,1867,0,0.0,29.43
1867,1868,0,0.0,29.43
1868,1869,0,0.0,29.43
1869,1870,0,0.0,29.43
1870,1871,0,0.0,29.43
1871,1872,1,2.43,29.43
1872,1873,1,9.57,29.43
1873,1874,0,0.0,29.43
1874,1875,0,0.0,29.43
1875,1876,1,24.14,29.43
1876,1877,0,0.0,29.43
1877,1878,2,10.71,29.43
1878,1879,0,0.0,29.43
1879,1880,0,0.0,29.43
1880,1881,0,0.0,29.43
1881,1882,1,11.43,29.43
1882,1883,0,0.0,29.43
1883,1884,0,0.0,29.29
1884,1885,0,0.0,29.29
1885,1886,1,16.29,29.29
1886,1887,15,23.86,29.29
1887,1888,0,0.0,29.29
1888,1889,1,16.29,29.29
1889,1890,0,0.0,29.29
1890,1891,2,20.57,29.29
1891,1892,0,0.0,29.29
1892,1893,0,0.0,29.29
1893,1894,3,22.57,29.29
1894,1895,0,0.0,29.29
1895,1896,0,0.0,29.29
1896,1897,0,0.0,29.29
1897,1898,0,0.0,29.29
1898,1899,1,12.14,29.29
1899,1900,0,0.0,29.29
1900,1901,21,4.71,29.29
1901,1902,2,20.43,29.29
1902,1903,0,0.0,29.29
1903,1904,0,0.0,29.29
1904,1905,0,0.0,29.29
1905,1906,3,19.86,29.29
1906,1907,0,0.0,29.29
1907,1908,0,0.0,29.29
1908,1909,3,16.14,29.29
1909,1910,2,20.57,29.29
1910,1911,1,2.14,29.29
1911,1912,0,0.0,29.29
1912,1913,0,0.0,29.29
1913,1914,1,0.43,29.29
1914,1915,1,17.14,29.14
1915,1916,1,3.29,29.14
1916,1917,0,0.0,29.14
1917,1918,0,0.0,29.14
1918,1919,1,25.14,29.14
1919,1920,2,18.29,29.14
1920,1921,2,3.71,29.14
1921,1922,1,5.14,29.14
1922,1923,0,0.0,29.14
1923,1924,0,0.0,29.14
1924,1925,4,28.57,29.14
1925,1926,0,0.0,29.14
1926,1927,0,0.0,29.14
1927,1928,0,0.0,29.14
1928,1929,2,27.86,29.14
1929,1930,0,0.0,29.14
1930,1931,0,0.0,29.14
1931,1932,1,22.71,29.14
1932,1933,0,0.0,29.14
1933,1934,1,19.14,29.14
1934,1935,1,11.14,29.14
1935,1936,0,0.0,29.14
1936,1937,0,0.0,29.14
1937,1938,0,0.0,29.14
1938,1939,2,27.71,29.14
1939,1940,0,0.0,29.14
1940,1941,0,0.0,29.14
1941,1942,0,0.0,29.14
1942,1943,2,20.14,29.14
1943,1944,0,0.0,29.14
1944,1945,0,0.0,29.0
1945,1946,2,4.0,29.0
1946,1947,0,0.0,29.0
1947,1948,0,0.0,29.0
1948,1949,0,0.0,29.0
1949,1950,1,15.14,29.0
1950,1951,0,0.0,29.0
1951,1952,0,0.0,29.0
1952,1953,6,21.29,29.0
1953,1954,0,0.0,29.0
1954,1955,11,23.29,29.0
1955,1956,0,0.0,29.0
1956,1957,0,0.0,29.0
1957,1958,1,3.86,29.0
1958,1959,1,1.57,29.0
1959,1960,0,0.0,29.0
1960,1961,1,28.0,29.0
1961,1962,1,18.29,29.0
1962,1963,2,10.86,29.0
1963,1964,2,25.43,29.0
1964,1965,0,0.0,29.0
1965,1966,3,1.43,29.0
1966,1967,0,0.0,29.0
1967,1968,0,0.0,29.0
1968,1969,0,0.0,29.0
1969,1970,0,0.0,29.0
1970,1971,0,0.0,29.0
1971,1972,0,0.0,29.0
1972,1973,0,0.0,29.0
1973,1974,0,0.0,29.0
1974,1975,1,8.86,28.86
1975,1976,0,0.0,28.86
1976,1977,0,0.0,28.86
1977,1978,0,0.0,28.86
1978,1979,0,0.0,28.86
1979,1980,1,1.71,28.86
1980,1981,17,28.43,28.86
1981,1982,2,23.71,28.86
1982,1983,2,11.86,28.86
1983,1984,0,0.0,28.86
1984,1985,2,3.0,28.86
1985,1986,0,0.0,28.86
1986,1987,2,21.29,28.86
1987,1988,0,0.0,28.86
1988,1989,0,0.0,28.86
1989,1990,0,0.0,28.86
1990,1991,0,0.0,28.86
1991,1992,1,16.71,28.86
1992,1993,0,0.0,28.86
1993,1994,0,0.0,28.86
1994,1995,0,0.0,28.86
1995,1996,0,0.0,28.86
1996,1997,0,0.0,28.86
1997,1998,0,0.0,28.86
1998,1999,0,0.0,28.86
1999,2000,0,0.0,28.86
2000,2001,0,0.0,28.71
2001,2002,0,0.0,28.71
2002,2003,0,0.0,28.71
2003,2004,0,0.0,28.71
2004,2005,3,15.86,28.71
2005,2006,0,0.0,28.71
2006,2007,1,22.71,28.71
2007,2008,0,0.0,28.71
2008,2009,0,0.0,28.71
2009,2010,1,15.14,28.71
2010,2011,0,0.0,28.71
2011,2012,2,8.43,28.71
2012,2013,0,0.0,28.71
2013,2014,0,0.0,28.71
2014,2015,0,0.0,28.71
2015,2016,0,0.0,28.71
2016,2017,1,15.57,28.71
2017,2018,0,0.0,28.71
2018,2019,0,0.0,28.71
2019,2020,0,0.0,28.71
2020,2021,0,0.0,28.71
2021,2022,1,13.0,28.71
2022,2023,0,0.0,28.71
2023,2024,7,24.29,28.71
2024,2025,0,0.0,28.71
2025,2026,0,0.0,28.71
2026,2027,1,8.71,28.71
2027,2028,0,0.0,28.71
2028,2029,0,0.0,28.57
2029,2030,3,15.14,28.57
2030,2031,0,0.0,28.57
2031,2032,0,0.0,28.57
2032,2033,2,25.29,28.57
2033,2034,4,21.71,28.57
2034,2035,0,0.0,28.57
2035,2036,1,2.29,28.57
2036,2037,0,0.0,28.57
2037,2038,0,0.0,28.57
2038,2039,0,0.0,28.57
2039,2040,0,0.0,28.57
2040,2041,2,9.57,28.57
2041,2042,1,2.14,28.57
2042,2043,0,0.0,28.57
2043,2044,4,25.14,28.57
2044,2045,2,5.71,28.57
2045,2046,0,0.0,28.57
2046,2047,0,0.0,28.57
2047,2048,1,14.86,28.57
2048,2049,3,15.0,28.57
2049,2050,0,0.0,28.57
2050,2051,0,0.0,28.57
2051,2052,1,11.0,28.57
2052,2053,0,0.0,28.57
2053,2054,0,0.0,28.57
2054,2055,1,13.14,28.57
2055,2056,0,0.0,28.57
2056,2057,1,8.43,28.57
2057,2058,1,25.43,28.57
2058,2059,0,0.0,28.57
2059,2060,0,0.0,28.57
2060,2061,0,0.0,28.43
2061,2062,0,0.0,28.43
2062,2063,0,0.0,28.43
2063,2064,0,0.0,28.43
2064,2065,0,0.0,28.43
2065,2066,0,0.0,28.43
2066,2067,0,0.0,28.43
2067,2068,2,27.71,28.43
2068,2069,3,27.71,28.43
2069,2070,0,0.0,28.43
2070,2071,1,13.86,28.43
2071,2072,0,0.0,28.43
2072,2073,1,4.14,28.43
2073,2074,1,21.14,28.43
2074,2075,3,7.29,28.43
2075,2076,3,27.71,28.43
2076,2077,0,0.0,28.43
2077,2078,0,0.0,28.43
2078,2079,0,0.0,28.43
2079,2080,0,0.0,28.43
2080,2081,1,1.43,28.43
2081,2082,0,0.0,28.43
2082,2083,2,8.43,28.43
2083,2084,0,0.0,28.43
2084,2085,1,0.86,28.43
2085,2086,0,0.0,28.29
2086,2087,0,0.0,28.29
2087,2088,0,0.0,28.29
2088,2089,1,28.29,28.29
2089,2090,1,1.29,28.29
2090,2091,0,0.0,28.29
2091,2092,2,5.43,28.29
2092,2093,0,0.0,28.29
2093,2094,2,22.14,28.29
2094,2095,0,0.0,28.29
2095,2096,3,26.0,28.29
2096,2097,0,0.0,28.29
2097,2098,4,11.14,28.29
2098,2099,0,0.0,28.29
2099,2100,1,11.0,28.29
2100,2101,1,7.57,28.29
2101,2102,0,0.0,28.29
2102,2103,0,0.0,28.29
2103,2104,1,18.86,28.29
2104,2105,0,0.0,28.29
2105,2106,3,21.14,28.29
2106,2107,0,0.0,28.29
2107,2108,0,0.0,28.29
2108,2109,0,0.0,28.29
2109,2110,1,13.29,28.29
2110,2111,1,1.57,28.29
2111,2112,0,0.0,28.29
2112,2113,0,0.0,28.29
2113,2114,0,0.0,28.29
2114,2115,0,0.0,28.29
2115,2116,0,0.0,28.29
2116,2117,1,19.0,28.29
2117,2118,0,0.0,28.29
2118,2119,1,4.29,28.29
2119,2120,0,0.0,28.14
2120,2121,3,27.71,28.14
2121,2122,0,0.0,28.14
2122,2123,6,12.43,28.14
2123,2124,0,0.0,28.14
2124,2125,0,0.0,28.14
2125,2126,0,0.0,28.14
2126,2127,0,0.0,28.14
2127,2128,3,24.43,28.14
2128,2129,0,0.0,28.14
2129,2130,0,0.0,28.14
2130,2131,0,0.0,28.14
2131,2132,2,25.0,28.14
2132,2133,5,9.57,28.14
2133,2134,0,0.0,28.14
2134,2135,1,3.57,28.14
2135,2136,0,0.0,28.14
2136,2137,0,0.0,28.14
2137,2138,1,2.86,28.14
2138,2139,0,0.0,28.14
2139,2140,1,7.14,28.14
2140,2141,0,0.0,28.14
2141,2142,0,0.0,28.14
2142,2143,2,17.0,28.14
2143,2144,0,0.0,28.14
2144,2145,1,5.43,28.14
2145,2146,2,24.57,28.14
2146,2147,0,0.0,28.14
2147,2148,0,0.0,28.0
2148,2149,7,26.86,28.0
2149,2150,0,0.0,28.0
2150,2151,0,0.0,28.0
2151,2152,2,14.29,28.0
2152,2153,0,0.0,28.0
2153,2154,2,21.86,28.0
2154,2155,2,2.86,28.0
2155,2156,0,0.0,28.0
2156,2157,0,0.0,28.0
2157,2158,0,0.0,28.0
2158,2159,0,0.0,28.0
2159,2160,0,0.0,28.0
2160,2161,2,8.43,28.0
2161,2162,0,0.0,28.0
2162,2163,8,27.57,28.0
2163,2164,0,0.0,28.0
2164,2165,0,0.0,28.0
2165,2166,5,18.43,28.0
2166,2167,0,0.0,28.0
2167,2168,1,8.43,28.0
2168,2169,0,0.0,28.0
2169,2170,1,1.43,28.0
2170,2171,0,0.0,28.0
2171,2172,1,3.57,28.0
2172,2173,0,0.0,28.0
2173,2174,0,0.0,28.0
2174,2175,1,11.29,28.0
2175,2176,0,0.0,28.0
2176,2177,3,8.0,28.0
2177,2178,0,0.0,28.0
2178,2179,2,20.57,27.86
2179,2180,0,0.0,27.86
2180,2181,0,0.0,27.86
2181,2182,0,0.0,27.86
2182,2183,2,12.57,27.86
2183,2184,1,19.57,27.86
2184,2185,0,0.0,27.86
2185,2186,0,0.0,27.86
2186,2187,0,0.0,27.86
2187,2188,0,0.0,27.86
2188,2189,1,0.14,27.86
2189,2190,0,0.0,27.86
2190,2191,2,25.71,27.86
2191,2192,0,0.0,27.86
2192,2193,0,0.0,27.86
2193,2194,0,0.0,27.86
2194,2195,0,0.0,27.86
2195,2196,2,23.71,27.86
2196,2197,0,0.0,27.86
2197,2198,0,0.0,27.86
2198,2199,1,7.43,27.86
2199,2200,0,0.0,27.86
2200,2201,1,23.57,27.86
2201,2202,2,24.43,27.86
2202,2203,0,0.0,27.86
2203,2204,0,0.0,27.86
2204,2205,1,1.71,27.86
2205,2206,0,0.0,27.86
2206,2207,2,7.57,27.71
2207,2208,0,0.0,27.71
2208,2209,0,0.0,27.71
2209,2210,3,25.71,27.71
2210,2211,0,0.0,27.71
2211,2212,0,0.0,27.71
2212,2213,0,0.0,27.71
2213,2214,1,21.57,27.71
2214,2215,0,0.0,27.71
2215,2216,0,0.0,27.71
2216,2217,0,0.0,27.71
2217,2218,1,14.0,27.71
2218,2219,0,0.0,27.71
2219,2220,9,25.29,27.71
2220,2221,3,20.14,27.71
2221,2222,0,0.0,27.71
2222,2223,0,0.0,27.71
2223,2224,0,0.0,27.71
2224,2225,0,0.0,27.71
2225,2226,0,0.0,27.71
2226,2227,0,0.0,27.71
2227,2228,3,19.86,27.57
2228,2229,0,0.0,27.57
2229,2230,0,0.0,27.57
2230,2231,2,26.43,27.57
2231,2232,0,0.0,27.57
2232,2233,1,27.29,27.57
2233,2234,1,21.43,27.57
2234,2235,1,7.71,27.57
2235,2236,0,0.0,27.57
2236,2237,0,0.0,27.57
2237,2238,0,0.0,27.57
2238,2239,2,6.43,27.57
2239,2240,6,27.57,27.57
2240,2241,0,0.0,27.57
2241,2242,0,0.0,27.57
2242,2243,0,0.0,27.57
2243,2244,0,0.0,27.57
2244,2245,0,0.0,27.57
2245,2246,0,0.0,27.57
2246,2247,0,0.0,27.43
2247,2248,0,0.0,27.43
2248,2249,0,0.0,27.43
2249,2250,1,9.71,27.43
2250,2251,0,0.0,27.43
2251,2252,1,8.43,27.43
2252,2253,0,0.0,27.43
2253,2254,1,3.71,27.43
2254,2255,0,0.0,27.43
2255,2256,0,0.0,27.43
2256,2257,0,0.0,27.43
2257,2258,0,0.0,27.43
2258,2259,0,0.0,27.43
2259,2260,1,9.0,27.43
2260,2261,4,23.0,27.43
2261,2262,0,0.0,27.43
2262,2263,0,0.0,27.43
2263,2264,2,27.0,27.43
2264,2265,0,0.0,27.43
2265,2266,0,0.0,27.43
2266,2267,0,0.0,27.43
2267,2268,0,0.0,27.43
2268,2269,0,0.0,27.43
2269,2270,1,16.29,27.43
2270,2271,0,0.0,27.29
2271,2272,0,0.0,27.29
2272,2273,0,0.0,27.29
2273,2274,1,4.86,27.29
2274,2275,0,0.0,27.29
2275,2276,0,0.0,27.29
2276,2277,0,0.0,27.29
2277,2278,1,22.14,27.29
2278,2279,0,0.0,27.29
2279,2280,2,20.71,27.29
2280,2281,0,0.0,27.29
2281,2282,1,0.71,27.29
2282,2283,0,0.0,27.29
2283,2284,0,0.0,27.29
2284,2285,6,13.29,27.29
2285,2286,0,0.0,27.29
2286,2287,0,0.0,27.29
2287,2288,0,0.0,27.29
2288,2289,0,0.0,27.29
2289,2290,1,15.86,27.29
2290,2291,0,0.0,27.29
2291,2292,0,0.0,27.29
2292,2293,2,15.43,27.29
2293,2294,6,21.14,27.29
2294,2295,0,0.0,27.14
2295,2296,1,12.14,27.14
2296,2297,0,0.0,27.14
2297,2298,0,0.0,27.14
2298,2299,0,0.0,27.14
2299,2300,0,0.0,27.14
2300,2301,2,19.0,27.14
2301,2302,0,0.0,27.14
2302,2303,7,23.43,27.14
2303,2304,0,0.0,27.14
2304,2305,1,24.43,27.14
2305,2306,2,8.29,27.14
2306,2307,1,6.14,27.14
2307,2308,1,1.57,27.14
2308,2309,1,0.43,27.14
2309,2310,0,0.0,27.14
2310,2311,0,0.0,27.14
2311,2312,1,25.86,27.14
2312,2313,5,18.0,27.14
2313,2314,0,0.0,27.14
2314,2315,1,7.86,27.14
2315,2316,0,0.0,27.14
2316,2317,0,0.0,27.14
2317,2318,2,13.29,27.14
2318,2319,0,0.0,27.14
2319,2320,0,0.0,27.14
2320,2321,0,0.0,27.14
2321,2322,0,0.0,27.14
2322,2323,0,0.0,27.14
2323,2324,0,0.0,27.14
2324,2325,1,2.57,27.14
2325,2326,0,0.0,27.14
2326,2327,0,0.0,27.14
2327,2328,1,21.43,27.0
2328,2329,0,0.0,27.0
2329,2330,1,13.71,27.0
2330,2331,0,0.0,27.0
2331,2332,5,13.0,27.0
2332,2333,1,20.43,27.0
2333,2334,0,0.0,27.0
2334,2335,1,2.57,27.0
2335,2336,2,6.86,27.0
2336,2337,0,0.0,27.0
2337,2338,0,0.0,27.0
2338,2339,1,11.71,27.0
2339,2340,2,17.57,27.0
2340,2341,0,0.0,27.0
2341,2342,1,6.29,27.0
2342,2343,0,0.0,27.0
2343,2344,2,12.0,27.0
2344,2345,0,0.0,27.0
2345,2346,1,7.57,27.0
2346,2347,2,9.86,27.0
2347,2348,7,24.14,27.0
2348,2349,1,9.29,27.0
2349,2350,2,21.86,27.0
2350,2351,0,0.0,27.0
2351,2352,0,0.0,27.0
2352,2353,0,0.0,27.0
2353,2354,5,24.29,27.0
2354,2355,0,0.0,27.0
2355,2356,4,26.57,27.0
2356,2357,0,0.0,27.0
